stamp_sec,gyro_x,gyro_y,gyro_z,accel_x,accel_y,accel_z
1732437229.399620295,-0.0009299383725679076,-0.011330780255535784,-0.013596520374150205,-0.04460830017541363,-0.12367951406515483,-0.09554761495743769
1732437229.404076815,0.0010076663876509087,-0.010237728133485217,-0.012232826504081749,0.023305414044188143,-0.12140990013462913,-0.12089711176709628
1732437229.409631014,0.004398145353268346,-0.012328122439917936,-0.010381799704042962,0.020323432645681625,-0.093633848703795,-0.02479892369364123
1732437229.413654327,-0.00029526387009919217,-0.014438490490412854,-0.007846625330138184,-0.0014093695524461458,-0.07531855433387123,-0.07595259490242512
1732437229.419864893,-0.0008038829752161909,-0.01232416319461766,-0.008818669815840815,0.02172444187582211,-0.08686190968588899,-0.05279740946626532
1732437229.423947811,0.0015693595309889503,-0.010185902853689092,-0.00891172869945718,0.08768823245500723,-0.09168688495967049,-0.07156066172725772
1732437229.429626703,0.0006211212370486783,-0.00805164614617248,-0.0084429683829359,0.11330297908683075,-0.0910235321379962,-0.0336511907388406
1732437229.434051514,0.0011828143803867194,-0.007999820866376354,-0.005121870578311332,0.04424480999509245,-0.09511429121024384,0.030331201332387536
1732437229.439574718,0.002607818589170756,-0.0037273028867194813,-0.0047461691593491395,-0.025477861394865,-0.07809879834572009,-0.09565330803742711
1732437229.443691969,-0.003029847481819274,-0.004768552791508901,-0.0017262865035194482,-0.10408988536191072,-0.08279905209649936,-0.06999292818159653
1732437229.449702501,-0.0038772344234951203,-0.01324979507559395,0.001282902549454699,-0.1351614005728481,-0.09001207114209078,0.09593234218829849
1732437229.453952789,-0.0009064648631269385,-0.02064594713980057,0.0046544767451239125,-0.14330249139382967,-0.06652008610464072,-0.09280728351380496
1732437229.459683657,0.0014906645492781937,-0.02489851263823939,0.0046571022825229015,-0.07103248696785051,-0.06179297808315835,-0.11509081069525173
1732437229.463964462,-0.0024415995199633033,-0.028185632699292397,-0.0004352829885986017,0.17753339527653428,-0.1635446086149185,-0.2538745306506822
1732437229.469696522,-0.0020351489025171973,-0.035697403826584796,-0.004145404626247283,0.46939503839422897,-0.35054924076719546,-0.1781717787867354
1732437229.473767996,0.007937254732534461,-0.03781566631816271,-0.005798965476212992,0.6710165677381088,-0.3831799977311852,-0.008184685106389367
1732437229.479702711,0.007775366356611875,-0.02723604656610949,-0.010720347569785132,0.7245716312307667,-0.27081541135874865,-0.035896614076945
1732437229.483880758,-6.264421670731814e-05,-0.00817522612444781,-0.0165259696698198,0.6882913436203091,-0.2090902503371982,-0.06375718156815147
1732437229.489856720,-0.004050651062017036,0.0034495815218126254,-0.02184162912538146,0.4940395269380932,-0.2116759734361797,0.13199898766267637
1732437229.493883133,-0.0021979719859589065,0.010897581119122939,-0.022954576335140465,0.31859131100191124,-0.07975682317340432,-0.13230925107293778
1732437229.499586344,-0.0018114268423183415,0.008711500994233592,-0.02674443448417176,0.18712313001814132,-0.04583687852452239,-0.07372906094215814
1732437229.504050255,0.01162443702119904,0.0013433058251821255,-0.02411817541604402,-0.02899669464844456,-0.0007610588795795472,0.11115393155245279
1732437229.509496450,0.002754197277061233,-0.00712203281887841,-0.018043884528788315,0.06475477704561684,0.09799347406453297,-0.3556508956898181
1732437229.513849497,-0.0076631189897594,-0.01993164320986333,-0.01710719855669685,0.09381954307121536,-0.08578604337141808,0.0010592363173014263
1732437229.519544125,0.00107136947652292,-0.027279931154287555,-0.011977659266764452,0.23266997215927293,-0.14729557235141597,0.017714643466240076
1732437229.523850441,0.009647952636412247,-0.025113732328161165,-0.011753555064067753,0.3142620289146714,-0.07312111710942687,-0.007997443857762576
1732437229.529552221,0.001406154115942285,-0.015619223068367091,-0.015974844058594975,0.4528056994801138,-0.004791642980075904,-0.27832527553484354
1732437229.533685684,-0.007836951704635333,-0.006156607772376778,-0.02207642454647989,0.5017017593723453,-0.08925591284653824,-0.012559435908606531
1732437229.539930582,-0.0002736269457973672,-0.0008268947719328298,-0.023780460446488523,0.5306682194931633,-0.08442867676887088,-0.17732323315885523
1732437229.543864489,0.005490094526025213,-0.0007790287374369811,-0.0220224925300661,0.34351197187037047,0.05614987351259408,-0.020339229550677018
1732437229.549686670,-0.0010918267554521617,-0.0007511586410591738,-0.018517902495607794,0.17453233756894515,0.19364545304578953,-0.07380025054029815
1732437229.553824902,-0.009513168218459626,0.004646240805807183,-0.011710786846211263,-0.023713119718984772,0.2360864216605485,-0.06935764218147789
1732437229.559790134,-0.01015224023315764,0.005894745648940257,0.0006786758712543687,-0.17468948853048522,0.20145520865784944,0.05504913787445531
1732437229.563947439,-0.007556071491400012,-0.0025107382509635704,0.007887952056394885,-0.06436448378962567,0.11534569878005506,-0.1243603137513194
1732437229.569934368,-0.0025707362229111476,-0.013038512388107385,0.015067957876012571,-0.015181197716252318,-0.05545271886416067,-0.025535634039739463
1732437229.574052572,0.0008688362668636792,-0.011897616429097643,0.01925209376896792,0.031224667886128796,-0.18228377830682882,-0.02910035570818259
1732437229.579581738,-0.003852443878410906,-0.006552021061915821,0.021675632920351746,0.08294034142305146,-0.29054845471446816,-0.07380019668506677
1732437229.584060431,-0.009551147805550005,-0.007629147409137761,0.02231456261493942,0.06443961338973231,-0.4514814960899402,0.060900822743152006
1732437229.589792013,-0.005766160803656438,-0.014035898964082047,0.02040762719675418,0.12235206090845561,-0.550884196560202,-0.03338311453415699
1732437229.593876362,-0.0006225025187662508,-0.031153815925183032,0.014337761501315424,0.23178130203545894,-0.6086171639032406,-0.07710923453642593
1732437229.599545479,0.0033818418470726373,-0.044114832110770365,0.0015619009259300945,0.40310160601241063,-0.6595886065798992,-0.00465239009556484
1732437229.604755402,0.00488820802807374,-0.042207785616450555,-0.013757011045376962,0.7117417308281279,-0.7100467095661394,-0.09217112494854796
1732437229.609562397,0.0076537083647645705,-0.02438345829801617,-0.033637560052733134,0.8472680016399246,-0.6822072002944037,-0.02641359570555224
1732437229.613904715,0.0052543255720619245,-0.0001284703593274786,-0.0496697075537798,0.7547884075740378,-0.5105754955310735,-0.05877582435109652
1732437229.619862080,-0.00039753492302367063,0.022028115985219587,-0.06272719248074494,0.5665706838844095,-0.29580145270039904,-0.22542180406954593
1732437229.624014854,0.002370215519694378,0.01985001715248064,-0.06657821771786085,0.28296252870174393,-0.09559701980870891,-0.06150588196817175
1732437229.629747391,0.007334330758803005,-0.0013650106154923145,-0.06161968291859409,0.15052541736765407,0.1512499088846965,-0.1797018571791913
1732437229.634109259,0.011065820966490208,-0.012862256872045534,-0.04772036661822299,0.059154626302458366,0.35055910653651506,-0.12357019327611063
1732437229.639899731,0.015685839547690917,-0.010516695300390682,-0.03452902770784086,0.07491723800421747,0.5203146941577407,0.011698840330685911
1732437229.643974304,0.013704021199295669,-0.0028175755700177345,-0.01791284246957264,-0.038039007215642705,0.6480774995273779,0.09410780630716431
1732437229.649704695,-0.0011280766359062894,0.005910737946684678,-0.0005061279220547241,-0.13914960473889876,0.689416595300136,0.0007081856120851882
1732437229.653795481,-0.008223011858615799,0.0061937309933479965,0.02016578238744153,-0.32216734809975894,0.6168476531583162,-0.0010074619832138865
1732437229.659619093,-0.006754626203920866,-0.004174607992893775,0.038872216110001453,-0.3758957039466926,0.5139813428979494,0.021208121839775274
1732437229.663820028,-0.010562568806375483,-0.02739239397862246,0.054571254282267674,-0.2887239446726002,0.32065536740385625,-0.11420153328663396
1732437229.669955254,-0.013642529078704042,-0.05927877185242267,0.06037341288225942,0.06258846347293287,-0.06929913330259828,-0.16983796925484818
1732437229.674011469,-0.011889352236019012,-0.07430629170301335,0.05245252165806998,0.7045094747894977,-0.5317949906493268,-0.18361108214783073
1732437229.679765940,-0.0053348850952136505,-0.0639538544943727,0.030680986073343054,1.2879570616560045,-0.9450951450690892,-0.2566337915910655
1732437229.684109211,-0.0023606562074128595,-0.03347544260320445,0.002025406414312414,1.5522202515893693,-1.100851861625593,-0.16676413377115473
1732437229.689775467,-0.0023611757603895925,0.005464261828694969,-0.030017692583631836,1.477648414603215,-1.0390031926727714,-0.016837745664581405
1732437229.693819046,-0.002146733621507877,0.03599050101276927,-0.054790351596101065,1.084775881785255,-0.7978719780321378,0.02817638551222501
1732437229.699896097,-0.00407862558467585,0.05276959512463473,-0.07215167326377435,0.4437209764197634,-0.3762927374190537,0.028613583406945864
1732437229.704784632,-0.002271054266246353,0.055921166933964116,-0.07558177547719422,-0.2185476282191896,0.035106963370666856,-0.005613442114173139
1732437229.709674835,0.0024126606035468393,0.04122452818083327,-0.062135274196001476,-0.6874781072463405,0.3881360539049691,0.012875505801712706
1732437229.713985920,0.007538246519012227,0.006505533920578561,-0.03410005065904227,-0.8908765314381754,0.6412508892715384,0.011060999557365392
1732437229.719724655,0.004229228788748484,-0.03563358982668532,-0.0014472881270440527,-0.794441671969118,0.7033890125910947,-0.022351132865955137
1732437229.724062681,-0.003564467275237504,-0.06722899153761513,0.024965612567250904,-0.3259677155780675,0.4724913851580592,-0.042668714555951226
1732437229.729592085,-0.006032327944226925,-0.07981931574446476,0.03856371354676201,0.2716735788814138,0.07630220440371671,0.06370874431354423
1732437229.733899117,-0.002253986820210674,-0.06808284369057373,0.03876661536573609,0.8548246804207315,-0.2808238676542292,-0.09694908119681678
1732437229.739955902,-0.008483467860155587,-0.04171753582131024,0.022324241759484484,1.3309260531624523,-0.5776698734431986,-0.20433613907579584
1732437229.743747473,-0.006950168976852459,-0.011251084868919353,-0.006770831221951053,1.3814132046724807,-0.7866244852409031,0.06540791125999945
1732437229.749539375,0.0008116763734480132,0.028865416020901563,-0.03331131593775328,1.0531699307124374,-0.6579540618280654,-0.05777487124329994
1732437229.753827095,-0.0011759540595005378,0.0605564426041999,-0.05089590572178554,0.2534948740419215,-0.31379584223751306,-0.06924968158633149
1732437229.759605408,-0.013212019468372879,0.06257502847007722,-0.05538388831324505,-0.4189739513985792,0.01918878070845116,-0.2188335245702362
1732437229.763604879,-0.016004037522203227,0.01911565263089462,-0.03988249209251357,-0.6991430058477576,0.1864602373075415,-0.17559552217081453
1732437229.769960403,-0.003664484837658749,-0.05076480837071171,-0.013885428442604493,-0.5054129416082426,0.21409391370446534,-0.1381159456233636
1732437229.774044514,0.011834656848343375,-0.11006163858596853,0.0066284313897137575,0.12683482842938856,0.18771750785060665,-0.13785325696631645
1732437229.779619932,0.006331009999594753,-0.114226549425422,0.014458064274058364,0.9435899859706386,0.005637746003635168,-0.02424582572600542
1732437229.783973217,0.004968736093280239,-0.05042193854618685,0.006858983632767192,1.3339621194668865,-0.22350540896007942,0.2520911221198716
1732437229.789505243,0.007768681605649448,0.04001113628255294,-0.0022012666277038333,1.0961939470960633,-0.139090458551286,0.3501400424472809
1732437229.793746948,-0.010718885022422514,0.09202738713809289,-0.010136913452604533,0.537518208400332,0.08081698839968733,-0.18106039806715835
1732437229.799918890,-0.03207010035497975,0.07065276519175112,-0.009267481403569741,-0.1621566836777542,0.011609800508738687,-0.14922230011390702
1732437229.804183006,-0.01910342340353245,0.0027192187084826114,0.0042922731645526555,-0.47840781674795263,-0.1529796843524423,-0.3443741935756268
1732437229.809604168,0.005858185804607757,-0.07259449505019339,0.02003879452112142,-0.10806172590018448,-0.23706233500983012,-0.4533277391411392
1732437229.814228773,0.012313672752046971,-0.12365728731906583,0.02350241269044837,0.6707937962921958,-0.42713664922912403,-0.06430922699104613
1732437229.819467545,0.009013832267641063,-0.11004969425397684,0.00813039917263221,1.3680460539985861,-0.6242952380356902,0.1918915772091303
1732437229.823801041,0.010458191211451624,-0.023059195067221046,-0.017048009765395708,1.5509802772982846,-0.5661753647894214,0.1884692978675382
1732437229.830031395,0.00043745450196640295,0.07988438650314578,-0.04121967266854845,1.0370054284082477,-0.2392179582164652,0.07670398779369414
1732437229.833842754,-0.022439236646827777,0.11688105440169128,-0.05501243003049968,0.3150948990813951,0.009387835996288849,-0.2567921493115328
1732437229.839801311,-0.0264249562882127,0.059399483119662234,-0.05070781280609222,-0.10655945308041445,0.00016873428230072493,-0.4472969365406261
1732437229.843759298,-0.002189973714919969,-0.04033665721829158,-0.029331930656869946,-0.13312141560316038,-0.022445104499908716,-0.19124426973320574
1732437229.849756718,0.019443512237962684,-0.09751115840242858,-0.01091375033912317,0.24485553495637685,0.006480110985097262,-0.11350195646626382
1732437229.853833437,0.026312023117403546,-0.07602100813622788,-0.00045159405036440675,0.4344495847316794,0.08844347635825474,0.3540315959309108
1732437229.859828949,0.011803150490623504,-0.00040826656670758766,0.0011640383233441076,0.47622431004488786,0.2739155033472862,0.2526540491280844
1732437229.863955498,-0.021870793261986404,0.05692562171462471,-0.0036027612218942134,0.2875083490311612,0.3113196473809874,-0.08168430071230759
1732437229.869773626,-0.03327616060701998,0.056901644330188884,-0.0023567953233014274,-0.04469517033661006,0.14079163709930972,-0.18954150356490373
1732437229.873981237,-0.011342374703407583,-0.012116928528654728,0.007653153799194493,-0.018377386476235828,0.003816900531659306,-0.22565672738211617
1732437229.879632711,0.009279203594007681,-0.09921892932888,0.01987567779113391,0.4259085683974073,-0.10805391903708751,-0.12927619887530106
1732437229.883848190,0.012538331242739986,-0.11526374018643751,0.014791175624053259,0.9599424626312238,-0.22631082806785166,-0.0018818577726591457
1732437229.889821053,0.013722197062747347,-0.02708054851874194,-0.0018195269492596222,0.9572559523824812,-0.15088383857841436,0.23707959907789444
1732437229.893752337,-0.009462380500640915,0.07591878447469175,-0.018982006663058312,0.7562246703021237,0.02233894169837972,-0.14185197245863002
1732437229.899658442,-0.03780422204119244,0.08208622613301834,-0.02692738863101974,0.38807813428161914,-0.08678830360752844,-0.13934242334463498
1732437229.904031992,-0.027817588575795173,0.007666158728618087,-0.018912832039185583,0.3058358198840532,-0.2813447787969082,-0.15466204039273102
1732437229.909913540,0.007999640796205727,-0.07087081303054306,-0.007685531448690458,0.364063430657013,-0.21433672361674996,-0.1732378281987561
1732437229.913775682,0.0223797615073456,-0.07930812634530002,-0.005543980662487632,0.4002401874303527,0.032328298332833585,-0.025720767848975257
1732437229.919802189,0.0011045362970783868,-0.019788089494487463,-0.009708345719089791,0.4613044543661471,0.19084890193866041,-0.17219216226627587
1732437229.923961163,-0.030538912474419644,0.030153626303051767,-0.010602915259035776,0.5548999339481578,0.03135043209455863,0.0303364701090576
1732437229.929733753,-0.039213681045488606,0.021524848801502183,-0.015493238550861899,0.8682376765277728,-0.4322746251243025,-0.13680158693805744
1732437229.933760405,-0.011936818708114461,-0.016736251577428394,-0.016092567443146983,0.6895835393879559,-0.6120526906120483,0.059081631244065846
1732437229.939937830,0.029113319520370776,-0.01867895727849004,-0.013779356217406549,0.32008230151741396,-0.28517696070844134,0.06577158891085055
1732437229.943593979,0.004695783373392109,-0.007094118390159815,-0.016664246870419907,0.3603784179434537,0.09706468708288629,-0.6514646735292846
1732437229.949848413,-0.028242597381336252,-0.012587404218174435,-0.019549969544209084,0.40364607647628997,-0.16612094826296267,-0.0024581327140733578
1732437229.953750134,-0.012425530595565884,-0.01994761336584197,-0.01698487215760234,0.871945806046193,-0.3940950579471173,0.012546268206897082
1732437229.959883690,0.01615689420633659,-0.021982067848039136,-0.017686943199381643,0.804707334805718,-0.29631637183110593,0.16067169159027195
1732437229.963956594,0.008379920667118063,-0.0028853709604641066,-0.021111611900468865,0.5654786102432964,-0.003643866073590513,-0.2297961824377559
1732437229.969887495,-0.023680575771588018,0.02467250564210119,-0.02261142631632392,0.320037932174502,0.03201596276346736,-0.186536961571516
1732437229.973624706,-0.024312998541336867,0.007777794374901739,-0.012331798535220137,0.4275665193588278,-0.1741761491326006,0.09349032007048841
1732437229.979946852,-0.0052637394852503815,-0.044186631134628694,-0.001075049304828483,0.7333101314473537,-0.2796593847144997,0.011161219622566776
1732437229.984052420,0.01233967344730987,-0.059082523139587804,-0.00416153083813917,0.8191203153396892,-0.20968285629134345,0.02398036937932524
1732437229.989886522,0.011432947180761419,0.00044160792055090216,-0.013137617462604964,0.6104665724073051,0.0007945355898394865,-0.10457242196807925
1732437229.993699789,-0.008886076856853291,0.05569711466507141,-0.01773884696069203,0.4144156844451722,0.021673943257604855,-0.10093273111374224
1732437229.999851227,-0.02480306109897487,0.03765745482053183,-0.008956582988897009,0.44288242568142355,-0.2418631991776827,-0.1116216477394012
1732437230.004080296,-0.016325044735692674,-0.01866723478595747,-0.0016526377304051912,0.5641797299662148,-0.5202002374270341,-0.014096763865390827
1732437230.009887695,0.01379784447316854,-0.04731816256891913,-0.0015165158854450404,0.5908809438395652,-0.46807880690724996,-0.2191628158618215
1732437230.014472246,0.019387733230115185,-0.03349526109693673,-0.004727773958805662,0.5520470158173222,-0.1851776979938024,-0.1924265354624488
1732437230.019705772,-0.0012435021640394646,-0.012304233782896244,-0.007377865013616904,0.7102955660981143,-0.15284612838447603,0.007697208457583926
1732437230.024113178,-0.015341908982306555,0.005627634097054839,-0.01586565564745117,0.9042066074191347,-0.2703573927394314,-0.05015258436992376
1732437230.029624939,-0.0014394921852040265,0.02679891223391393,-0.028456354475173876,0.7685956485544597,-0.22509836295089428,-0.193090097861905
1732437230.034119844,0.015067053680383252,0.03743442743253352,-0.03380588400910804,0.2959196235066014,0.08618056188273501,-0.2424559089509053
1732437230.039543390,0.004598913460483799,0.002456243902054125,-0.019188727669354585,-0.07028556393253271,0.3828515624355298,0.3057418559529328
1732437230.043843031,-0.017189255835135434,-0.035976526233377694,-0.01900427656990605,0.29646923885890764,0.18720033675133804,-0.37472238055610596
1732437230.049519062,-0.00518504533603053,-0.029474018552962476,-0.014643879890931308,0.21378082897154274,0.05738777983954177,-0.06525229805024146
1732437230.054034710,0.023957719373114965,0.0016343725639666946,-0.007757335689466801,0.1562132023442299,0.3357413170105026,-0.017607628029475464
1732437230.059897900,-0.004434945301947806,-0.01436675798947032,-0.002022247741414384,0.43141288648621984,0.3804002355714454,-0.1432069250310697
1732437230.063757181,-0.025705216410585468,-0.04103118512441394,0.001307877366273345,0.4049280621776364,0.1054125995752453,0.37489231312008897
1732437230.069915295,0.0022929394096336,-0.020713698250196217,-0.000669247911906897,0.5593552369073753,0.09188556923189829,-0.24715207207404788
1732437230.073850632,0.006124352955620744,-0.0068110810634457696,0.0018827082129417602,0.48207361942082916,0.2463670609719798,-0.14891531499444355
1732437230.079786539,-0.024837924002065748,-0.037875631980308556,-0.0016215752032036359,0.5213015584241084,0.11145198478855758,0.1092861198070203
1732437230.084037542,-0.032968240365317786,-0.0582049781839506,-0.0053963182411898,0.8538858747658098,-0.24360153748124896,-0.17035189309099508
1732437230.089505434,-0.005120026965817808,-0.030503279800381096,-0.012246982703683915,0.9703731696428874,-0.3825403407659098,-0.20017659575812985
1732437230.093823195,-0.0037171800563607364,-0.000902653103823991,-0.027980544728610206,1.004911125935918,-0.2724899259728555,-0.21772211114400974
1732437230.099894285,-0.022469183317203528,0.004267471357811381,-0.033773680612462456,1.0231117901615177,-0.30248138412035436,-0.3056045856448826
1732437230.104040623,-0.018167614324519063,-0.00638388275412693,-0.034676675642023244,0.9462859943348949,-0.3708284710285547,-0.05186048209878891
1732437230.109554052,-0.004239058771329291,-0.011605854689614267,-0.031142163018625667,0.7847853587116927,-0.28413666752985345,0.17921537104389706
1732437230.114019871,-0.005565877686101084,-0.009415791262945413,-0.02685164955344757,0.7558953420340958,-0.11298330258111362,-0.38090514422385446
1732437230.119919062,-0.013054907448564478,-0.0018920979977171753,-0.020577085588710537,0.3715702922448384,-0.13907277148469877,0.21226832010662555
1732437230.124100685,-0.013323360084008057,0.0014308753805008215,-0.012041272798234397,0.37494590275548056,-0.1780947698221579,0.004887391669262442
1732437230.129882574,-0.016498877450568605,-0.004892199348470917,-0.006621863720188234,0.484890981827079,-0.33287904730109225,-0.28170492787777235
1732437230.133816004,-0.00956001082498389,-0.018587472820654354,0.0019856273515788487,0.43585387538673287,-0.5474589182896177,0.11711917621660284
1732437230.140043020,0.009130956327050702,-0.023793472737739657,0.005397813547996468,0.5403042777263594,-0.6182410748338677,0.002994446228253622
1732437230.143849373,0.011634235673444508,-0.02371373296649238,0.010098553174150404,0.641609237059829,-0.4430467449887847,-0.1597616104181192
1732437230.149781942,-0.0014190671584217533,-0.017466483200388547,0.0036664810341529835,0.6015477269819428,-0.49133775572846666,-0.015489626799876532
1732437230.153761148,0.000258464743468139,-0.012256389942456234,-0.004557422553024587,0.6340298237447092,-0.6517148613650771,0.14361345291921346
1732437230.159666777,0.01449660264181169,-0.015439769788772002,-0.007257513255563945,0.7760795585962654,-0.5742276561147092,-0.1558743377869174
1732437230.164105415,0.012444888567054535,-0.018734852738979745,-0.013351210527866227,0.6872924475086871,-0.4243223616544355,0.11953351730186412
1732437230.169727087,0.008399827881302805,-0.008211059113461181,-0.02103187214316431,0.6770750248020326,-0.3972508460330065,-0.14957372411311276
1732437230.173724174,0.016008263895931973,0.001415082717717171,-0.020418746477954587,0.590114466035075,-0.3039749338095847,0.022699427960489515
1732437230.179728508,0.021376163587509635,-0.010233635842353355,-0.017044551331810046,0.3780585659840696,-0.014736524622461883,0.3559604185468057
1732437230.183991909,0.009070331970904712,-0.02090500714133052,-0.015138447962286075,0.6074153159711895,0.2556974698802004,-0.356936831803603
1732437230.189633131,0.005360992386394002,-0.034735871498986826,-0.012928501452400806,0.5540809952703832,0.011875333936928795,0.3296158127861446
1732437230.193753958,0.01559388402735531,-0.03804683402577818,-0.02314977425562914,0.902947339773113,-0.023375338097947278,-0.19207302690753814
1732437230.199697256,0.017400102818051634,-0.0018042401009085755,-0.02231236365918159,0.808391413847164,0.15183589039797168,-0.30480287116336946
1732437230.204140186,0.0016453858780965849,0.021604788207710227,-0.020354776397737244,0.8550627055547091,0.137960660088418,-0.28328750269313296
1732437230.209676027,-0.013111963854914931,-0.002993113933172502,-0.0229420905706062,0.8630995755455435,-0.15199213592603028,-0.1333923922132172
1732437230.214025021,0.008598862886963494,-0.012363977622987146,-0.013825227633217578,0.7325263775657288,-0.13674609112948066,-0.0424069957543729
1732437230.219672203,0.022093097616123634,-0.0026182150797187348,-0.006692233195558656,0.5789091163112797,0.15503781557300628,-0.3536177119843469
1732437230.224005222,-0.007446842002636911,-0.012332170409151511,-0.007695028565520841,0.6137922864075233,0.12911715231571572,-0.333761759595804
1732437230.229875326,-0.018299797766265568,-0.02618698907478532,-0.005301593127494666,0.745201544900699,-0.24480483492781727,-0.06360638175288003
1732437230.233961105,0.00596513237832954,-0.013309538859913959,-0.005164456782395865,0.9417853188640963,-0.4844995495260732,-0.28363205835863603
1732437230.239740849,0.021613662248109174,0.00805309058222594,-0.005410911195693963,0.9159935665430997,-0.4078412944621245,-0.276625085935601
1732437230.244021416,0.0066546106256555465,0.00468618828348909,-0.01307908330705952,0.9139640145574466,-0.3868085157798169,-0.31117986919911367
1732437230.249876261,0.002933326709153159,-0.005949262251157266,-0.010916980665499707,0.8474032019559339,-0.4744765151773376,0.08939577029393853
1732437230.253654242,0.019972380329917463,-0.0038188982695059716,-0.015198778032851223,0.8090437790591869,-0.42889609866137546,0.10362257036545763
1732437230.259600163,0.03027160573263792,0.007853818861188633,-0.020881419521798384,0.6776774884009009,-0.19049706289871168,-0.09912669934362128
1732437230.264024258,0.01776009314317427,0.019478584961781703,-0.024072127518509165,0.37596394391213,0.07147742859891709,0.03539049661821281
1732437230.269699097,0.002940354887307936,0.027935827681298424,-0.024772874377898928,0.14377816773870297,0.1614705726933584,0.1846470737320285
1732437230.273877621,0.010612495641867593,0.02051976462228938,-0.023904582322897314,0.018164509686951,0.13914830712268567,0.004967066335925807
1732437230.279971361,0.013235218273369856,-0.011354624524445798,-0.018725404152916056,0.07193666365225823,0.12934382183609486,0.13660961055416365
1732437230.283814192,0.020709255327907763,-0.05063313245396923,-0.011175969432764837,0.2862489271948131,0.1589600682024321,0.14138491473485182
1732437230.289883614,0.014675767593840207,-0.06337096968422755,-0.006539855342223898,0.6507816740897624,0.2551116044129826,-0.08693536264533996
1732437230.293780804,0.0006503421138187908,-0.04859863173167949,-0.012598848820327047,0.8419973334148788,0.10502229429053427,0.07973062072796999
1732437230.299651861,-0.01640159229031635,-0.01151821861486061,-0.02225268819648669,1.085909431486794,-0.07626467931138678,-0.2506158924113322
1732437230.303856134,-0.018287057609627524,0.02557024616385552,-0.03515511418585057,0.9771857174127367,-0.31498761194158864,-0.009560142461586096
1732437230.309928656,-0.006400939618719606,0.03093586059094208,-0.03554067214832067,0.8103936496236949,-0.2939091118859388,-0.1599064171224871
1732437230.313968182,-0.005426146499299739,0.005332696833422459,-0.03803952672666023,0.6114829890955149,-0.33105901601661025,-0.1917519973755546
1732437230.319541454,0.007739947689649986,-0.01472546492414223,-0.029019188133622004,0.5351669573625658,-0.3476612306018158,-0.16168489696428345
1732437230.324054241,0.025047039524043163,-0.018842418281225706,-0.02368149343997922,0.40930296714778946,-0.2703761265519003,-0.08782843976515764
1732437230.329507351,0.019491631328139938,-0.009160535319118377,-0.016059186844384756,0.39033318694177505,-0.17081732868016145,-0.3127981167191223
1732437230.333873034,0.004252182738251055,-0.006009050416627289,-0.015239390033599629,0.431842018732633,-0.29312062182545895,-0.17271665576084594
1732437230.339492559,0.003914731937335452,-0.0005916790985646199,-0.00911642324329992,0.45039077433409397,-0.31268170995590366,-0.20397261051583193
1732437230.343936205,0.017685378796175384,0.0037008338252660423,-0.010487348091591853,0.3564020530132249,-0.21978225619478023,-0.05508790729778923
1732437230.349914312,0.025124901530997484,-0.009978490813034622,-0.0009397126141476447,0.3763952476522825,0.06380206085270332,-0.15738547701669603
1732437230.353800535,0.027564513294532536,-0.041960514759314914,-0.002903386231030454,0.5581422817356493,0.1615013832542934,-0.0767205842967158
1732437230.359660864,0.029122220394795756,-0.05682459588484333,0.00014032752212916788,0.8939401375308265,0.2781101971642142,-0.21138687713932747
1732437230.364038944,0.020168786423955212,-0.03999770219518443,-0.012275594270290091,1.1489693081433372,0.32102854253073126,-0.2882227209929731
1732437230.369626284,-0.00012766433426090773,-0.0071459658640117794,-0.01892287013087458,1.1718053066006773,0.2909421748835843,0.09633480955499252
1732437230.373875380,-0.01806811281343115,0.016091638622410847,-0.027868727054611873,1.2044362329332263,0.13169787144603726,0.011101611672954093
1732437230.379738569,-0.019109239687648504,0.02671112086002112,-0.029908503762668046,1.1065277441809773,-0.05130624024912151,-0.02863632221434287
1732437230.384107351,-0.004707897189345031,0.028961059369440798,-0.02554547864047874,0.8069541314799563,-0.04017659520379176,-0.01040870983961284
1732437230.389913559,0.0006971492212914592,0.02373904677068856,-0.019886016984512263,0.3574509940049395,0.08145957916339475,0.06678987361926225
1732437230.393972158,-0.0033496428151933324,0.015325555600479993,-0.01155310283680188,0.1022892670900752,0.07133437220140974,-0.0658189817625221
1732437230.399643898,-0.009363224160605386,-0.002737968848082877,-0.006837248565193685,0.1322414720845019,-0.16440700395723173,-0.14018678498244697
1732437230.403988361,-0.011119034145803612,-0.019736330734126298,-0.003199820118794576,0.5131059152458661,-0.4418160279539735,-0.365439857401201
1732437230.409677744,0.0003752436213828933,-0.02713244033189636,-0.0019531987090352435,0.7765479101944317,-0.5523523964048821,-0.13478479661660714
1732437230.413656235,0.009147296416969146,-0.0251296802935648,-0.012693703646848561,1.1553663687072155,-0.6218550316070837,0.08800797454314946
1732437230.419685125,0.019243501976273458,-0.008238907071554042,-0.025598940009542624,1.3769363410425457,-0.596004733057198,-0.0005716397750479274
1732437230.424520016,0.028335730785780246,0.02569805160455942,-0.038258684116303496,1.1877224394611272,-0.22926181417951763,0.0641177815244145
1732437230.429640055,0.009352837595585993,0.04354219184686007,-0.051386050478358127,0.8735453710205779,0.14141848590447798,0.1030192849730831
1732437230.433905363,-0.01697972819903214,0.031630214836777186,-0.057680674010625356,0.5965963527477448,0.17367962462758765,0.08713016293079257
1732437230.439677477,-0.005976830124890109,0.038100822861538354,-0.055200574441441344,0.18595851052161222,0.25890382487103114,-0.03757195604396735
1732437230.443984985,0.010574410909691856,0.05010842852460742,-0.040077636766932205,-0.39001048960669177,0.6051228101547798,0.1927175546404385
1732437230.449686289,-0.011904587410164855,0.026770953417083656,-0.027711043045202492,-0.43842823236805495,0.6052426031895312,-0.10715104123750052
1732437230.453669786,-0.021359471780998056,-0.011370749927273528,-0.011165749369132052,-0.4622365861667729,0.23437055040278687,0.08549900210127781
1732437230.459925890,0.006960732023645732,-0.031149790094234405,0.012713468194713308,-0.45485332391920663,0.10295595478643793,0.10550644653424612
1732437230.464154720,-0.004242934154230918,-0.05240476539217933,0.01904029660478364,0.17143594174444332,-0.08177413484709414,-0.23030452584389494
1732437230.469924927,-0.018975080767447607,-0.0673805524710057,0.018690400542258397,0.5085128365904862,-0.5868515489907059,0.1876445474639148
1732437230.473819256,-0.0030129852521306576,-0.045044468451790186,0.012225298205395346,0.8810842427506812,-0.6571035269873967,0.04199255020318127
1732437230.479873419,0.006398102315241981,0.004813749701120537,-0.004495426676143372,0.9353729300982341,-0.426185255101428,-0.06681995761722703
1732437230.483926296,-0.0038525491197786547,0.035312028198979516,-0.02852277510616662,0.7180676312750169,-0.344657866052805,-0.006756658839536911
1732437230.489570141,0.009762858601126193,0.03204094662695427,-0.03692491701227799,0.3117989965582499,-0.09011729406610249,-0.02268001828698729
1732437230.494044542,0.01091546587825894,-0.008402390198651325,-0.03443859764937359,0.15800371544573671,0.3828132386586305,-0.23374613836134195
1732437230.499639511,-0.01597388193443316,-0.0574466990794786,-0.030150582900640956,0.2762984863002063,0.5166590725021786,-0.2827294521435011
1732437230.504025221,-0.01355684353961742,-0.06702495733120208,-0.030068214248473685,0.45893677103295466,0.3323085166886296,-0.16247590236240939
1732437230.509490252,0.007421087174000772,-0.030646722594286992,-0.02495821067447971,0.5022143955342878,0.3459673501701091,-0.06092152673668494
1732437230.513894558,0.004502043447812266,0.012006604269112115,-0.02171321260356478,0.6658035852845353,0.46784504778671904,-0.6005879897803617
1732437230.519596577,-0.01873505493146864,0.024796107810951522,-0.015590900011315342,0.6895567600584301,0.2879371236835516,-0.7838656361387084
1732437230.523622036,-0.02116043595328896,-0.015523668440280325,-0.003959105296890746,0.7383422914028596,-0.20313363887263558,-0.15835563225172145
1732437230.529169798,-0.0072641134697554914,-0.06425283983878044,0.011193879557155893,1.0697943692760623,-0.493846564733047,-0.13996924698894375
1732437230.533959627,-0.0024685349157836556,-0.05674503354753931,0.013340870952553341,1.2316343783764017,-0.6618356301422149,-0.2015940508766345
1732437230.539795876,0.0024282739062540517,-0.007824415549053174,0.006282232238652671,1.1326743678076634,-0.7857743493381983,0.1842853235751587
1732437230.543794870,0.002537467895965559,0.0314581171686654,-0.002891502349658159,1.1417053874293381,-1.0200460056805767,0.21330133883324542
1732437230.549897432,-0.01536448143965674,0.02803140450692186,-0.013819609722659169,1.103557613428698,-1.2108954692866347,-0.04537679990799148
1732437230.553857327,-0.014218108270334935,0.008655627685952167,-0.027378764875729742,0.7853961686141403,-1.385169564635675,0.3929574261510407
1732437230.559809208,0.005584716090689671,0.009673033314869909,-0.035527532185736135,0.6551307437018691,-1.2205233197296539,0.22343804068490059
1732437230.563844681,0.022930680966301912,0.030920067879349207,-0.04391814824038012,0.2448279903507525,-0.9442509102791896,0.22014933691204064
1732437230.569694519,0.03164301717575342,0.04889988776246108,-0.05489787084346508,0.03574146795548222,-0.6711053402196016,-0.04220995856701215
1732437230.574118853,0.041459765489791085,0.036293689552374685,-0.04542734722935807,-0.23751071371030807,-0.1860977413899142,0.10321866468522956
1732437230.579638958,0.0238175034101033,-0.02327837404777149,-0.03502179897482235,0.09848803931692456,0.0470805188157952,0.07501812867033486
1732437230.583779573,0.009456914257693683,-0.07219505214908806,-0.025337553020333116,0.7039705946137192,-0.27458327090836765,0.037554274925318154
1732437230.589579821,0.05382320014128346,-0.03997759540529063,-0.01933459656008653,0.8992048798815078,-0.49003299264541006,0.4772780413722497
1732437230.593818188,0.07740523100768372,0.03496883937902141,-0.0005741811324570687,0.7790444012870836,0.10431393501479405,0.048136806241833696
1732437230.599687815,0.013048988020923151,0.051795444734152075,0.0008220786388152039,0.44545869893360107,0.4029531768199746,0.23971119295328336
1732437230.604101419,-0.018580229297017463,0.029435361199177466,0.009595625581601897,0.29301103688209557,0.07236074354344908,0.43505202156214473
1732437230.609506130,0.02543669868961499,0.021161641988758646,0.01526446216219706,0.00276726544672467,0.0010136667473636715,0.22175501170846168
1732437230.613833904,0.036108791692223856,0.014906408834554958,0.02175768695404782,-0.2677289712465445,0.3457320867056692,-0.04439474233511831
1732437230.619493008,0.012464342565217687,0.022119081899759648,0.011293081837449915,-0.5126170215701645,0.31389123395557517,-0.03013606880394093
1732437230.623720407,0.02516997400650513,0.043421901045106244,0.007786696763382752,-0.5223770368132823,0.1928512370874045,-0.5927735619255117
1732437230.629686832,0.02568257630179994,0.04024243710569422,0.00877469247435368,0.0078808660906745,0.373846240625305,-2.074986688383486
1732437230.634092331,-0.006200032625150568,-0.04524778825360286,-0.0005584455576871728,0.45369695595869086,-0.1408542287632453,-0.8870863470210146
1732437230.639826775,0.02114188521166137,-0.13364211103797347,-0.005170124227511503,2.0784413867084455,-0.5185076778800353,-1.8788772790243513
1732437230.643777847,0.0809205549493318,-0.13143977612305818,-0.015314770921557383,2.477053287858894,-0.3263637247760341,-0.1839265997101407
1732437230.649849892,0.06967385733260469,-0.0369216226330447,-0.03265549107310338,2.6161448425115514,0.9404084714781386,-0.40160432448849015
1732437230.653985023,-0.05751249107126367,0.0842809651905147,-0.08889130843342098,2.9994583227951788,1.3830902079064555,-1.647179161295501
1732437230.659642220,-0.04829251355426631,0.18526578216598463,-0.10637753443583621,1.8114706336835629,0.9416607899450387,-0.27705373777084574
1732437230.663726330,0.026980352871783225,0.2143557629815947,-0.10350281229470784,0.690418252034888,1.8181831724042201,-0.9676800323102501
1732437230.669753551,-0.00249270646340607,0.1315818150548175,-0.07433313145664995,-0.5632516024823992,2.768742674675486,-0.6798322219234496
1732437230.673900127,-0.0940632381172541,0.013542404264442755,-0.03684420323672564,-0.44466033495862906,2.755324773679138,-1.4456200084868485
1732437230.679863214,-0.10256365348473544,-0.047801114909664474,-0.004722197787483486,0.14093402590902382,1.6407065203837938,-0.5255105811435588
1732437230.684115410,-0.03894512738564419,-0.023662173882939546,0.026169354710546492,0.7407514397194263,1.1433255352478353,-0.13905882805035574
1732437230.689984322,-0.012247267772773737,0.024480438017506538,0.03286189702589934,0.8103619247676636,1.1776752135139705,1.6577861955500452
1732437230.693680525,-0.04728822040681202,0.042627460037522866,0.043972192619606644,1.2204055542525034,1.1656695924179818,1.3934959901391508
1732437230.699666977,-0.14614543704560887,0.05680139853393461,0.019126026663453886,1.4838187800814875,0.5032344715845505,-0.20096893324925524
1732437230.704052448,-0.1116498967200809,0.13547426791957334,-0.0005783895804109112,0.3305150941070284,-0.19421271875961285,0.859230029525806
1732437230.709589005,-0.03301577884304535,0.20302082787361975,0.008303239317885232,-1.1720232900408225,0.3681153924352733,0.8764164047166858
1732437230.713955641,-0.0936484442640822,0.16137651126300998,0.017157665365163388,-2.1986005310661327,0.7109476301370772,-0.12684285125913242
1732437230.719663143,-0.14915335404384022,0.05777084563424803,0.01346919054488641,-2.286401960776728,-0.3636109786437231,0.2773611101201645
1732437230.723755360,-0.08397039250159756,-0.04930543669939511,0.03247612119651826,-1.519108974707863,-1.359267908114995,0.7784699121680987
1732437230.729654551,-0.009765519077419248,-0.13636330988927578,0.034268725299438835,-0.2507671000572591,-1.7569198934500463,0.29974950832502145
1732437230.734524965,-0.007718683978542261,-0.14509169737858757,0.020049438221427924,0.7049560476027363,-2.025065974095923,0.3896600038509632
1732437230.739356756,-0.03851924940837573,-0.046663888905849236,-0.015913370296426557,1.4023688215903323,-2.56751648405622,-0.01866449062376674
1732437230.744062424,-0.03827088011638211,0.09541080401315907,-0.06190883462641214,1.3027597327474008,-2.9904744927686844,-0.4062143519435697
1732437230.749680519,0.003286009453240365,0.1633844995342262,-0.08639915899313656,0.38072161043081787,-2.787566729959547,0.09763807271270153
1732437230.753811836,-0.004462122118047833,0.08990589827502415,-0.0822336492579785,0.03125436977132829,-2.449423617203994,-0.9079067847519777
1732437230.759893656,-0.023218832708134768,-0.0570194120497073,-0.07095986822003565,0.0006212404228640269,-2.8629204787529083,-0.3608251088973784
1732437230.763781786,0.01998218083958693,-0.13432378069452725,-0.050408204361902645,0.48125900878136735,-3.0912618549748907,0.42646238519408364
1732437230.769707918,0.06680397213652231,-0.08924492883863358,-0.039895881336464684,0.7813598900411618,-2.503437248238099,0.2566786062486539
1732437230.773852110,0.06585739607016267,0.030034537878868173,-0.04262219719511739,0.6663430275970397,-1.9484346730371684,0.3980676213167822
1732437230.779783726,0.04241059403571897,0.1152892776263028,-0.03520339476724985,0.09030244615131103,-1.7260123991566163,0.35911990483544365
1732437230.783995390,0.03459076100127577,0.11008711673137334,-0.024915702096897842,-0.3015979841775369,-1.7040639475252555,0.16309660750930277
1732437230.789887190,0.05703275082413529,0.03602988571939488,0.004221600768439409,-0.28842392825002017,-1.566610466460752,-0.0986296790553709
1732437230.793848515,0.09524670187331959,-0.04968399639504764,0.03360683242326424,-0.33597677446525737,-1.2858154431906106,0.5895137242783139
1732437230.799901724,0.107531824583068,-0.08863958418066753,0.06152235309600865,0.04132764579646189,-0.7526605886264582,0.7486146733179417
1732437230.803889751,0.10165354056676217,-0.0447098545267373,0.07959893432959309,0.3702445467224446,-0.17429106354634666,0.7400398928017786
1732437230.809532166,0.08156578717037288,0.04989993508598347,0.07058587993296293,0.40370420698072657,0.27467339862737933,0.6413344259753817
1732437230.813807726,0.08309773293126754,0.11345740455801374,0.04575832858119305,0.07478420881444514,0.595365275052125,0.22488309946709428
1732437230.819927931,0.0839053373143722,0.08348606368518224,0.036180403157687384,-0.5867728301286355,1.324608646210339,0.30157688245136605
1732437230.823841572,0.06007649907448164,0.02547419523185736,0.010021965232118598,-0.8213765679633578,1.5641740267786544,0.04252085491910762
1732437230.829824209,0.07423372975748248,-0.021523336921763732,-0.001548069712792185,-0.45119896288953054,1.3632314622272257,-0.6722414049603564
1732437230.834832191,0.07377025892717604,-0.0642165410847764,-0.006612203775166785,-0.18966089229979743,1.2727563976365588,-0.22109872926036012
1732437230.839884996,0.042738044192054625,-0.05717133629694856,-0.026417120069035318,0.363923776120851,1.311359931927706,-0.9806051934522184
1732437230.843716383,0.036160481639042154,-0.006180296850208591,-0.03464263999768534,0.5991776919213339,1.3025763409552034,-0.6661076364596461
1732437230.849710703,0.03533207225348976,0.016028135154576274,-0.0454414992239711,0.5333183497996493,1.3337524867253745,0.1527102443678885
1732437230.853798389,0.03906000366411961,0.008520369523119221,-0.049713440089642874,0.6022898881002365,1.6541793187929248,-0.5407553797233522
1732437230.859940767,0.03283277433949041,0.014883260546364673,-0.0501262909404923,0.4417052497931162,2.1527510590439363,-0.6373770401285128
1732437230.863842726,-0.006751234066819302,0.02646004598703014,-0.049762589038433315,0.12901520045012488,2.3858345613105416,-0.34998177083513404
1732437230.869856358,-0.0494457389035684,0.0306844973660187,-0.04158257804892154,-0.28228729829869986,2.0928233888059036,-0.2996611334029424
1732437230.873991251,-0.05083668027524067,0.04699242359870489,-0.01939192439912864,-0.6856774167031555,1.566237857701614,-0.013495343444684949
1732437230.879729271,-0.033500820662931585,0.048508104716948344,0.006354446670123708,-0.9968085109569275,1.3469548825868018,-0.1833084924410624
1732437230.883933067,-0.05577281770349687,0.018887437749932415,0.02595958318917579,-1.1481386462456737,1.2817548574230684,-0.6606480292031929
1732437230.889736414,-0.0705889519088791,-0.025748764204844413,0.03702083803265522,-1.0801502840795707,0.8074042813529749,-0.20304541168466272
1732437230.894010544,-0.047134227320340324,-0.06402981239153041,0.03604318430282246,-0.5882760208679949,0.36957198154107146,-0.131905173259673
