stamp_sec,x,y,z,qx,qy,qz,qw,vx,vy,vz,wx,wy,wz
1732437229.407073975,3.0701873302459717,3.976811647415161,29.99595069885254,-0.0,0.0,0.6518246088421729,-0.7583697510500721,0.11500000208616257,0.0,0.0,0.0,0.0,-0.3479999899864197
1732437229.457035303,3.07123064994812,3.96994686126709,29.980064392089844,-0.0,0.0,0.6578278298499186,-0.7531683386036262,0.13899999856948853,0.0,0.0,0.0,0.0,-0.3179999887943268
1732437229.507045746,3.071647882461548,3.966874122619629,29.972911834716797,-0.0,0.0,0.6605171572564198,-0.7508109515516526,0.06199999898672104,0.0,0.0,0.0,0.0,-0.14300000667572021
1732437229.557065010,3.071826457977295,3.965485095977783,29.97401237487793,-0.0,0.0,0.6601039084731117,-0.7511743006909394,0.02800000086426735,0.0,0.0,0.0,0.0,0.02199999988079071
1732437229.607023716,3.0722503662109375,3.962214708328247,29.967966079711914,-0.0,0.0,0.6623717993039635,-0.7491752795486714,0.06599999964237213,0.0,0.0,0.0,0.0,-0.12099999934434891
1732437229.657047987,3.0727834701538086,3.9578964710235596,29.966264724731445,-0.0,0.0,0.663008866110263,-0.7486115437656458,0.08699999749660492,0.0,0.0,0.0,0.0,-0.03400000184774399
1732437229.707127810,3.073333740234375,3.953376293182373,29.969467163085938,-0.0,0.0,0.6618093255173185,-0.7496722061396647,0.09099999815225601,0.0,0.0,0.0,0.0,0.06400000303983688
1732437229.757035732,3.0741329193115234,3.946981191635132,29.970016479492188,-0.0,0.0,0.6616033969363389,-0.7498539492209781,0.1289999932050705,0.0,0.0,0.0,0.0,0.010999999940395355
1732437229.807052612,3.0747311115264893,3.942216396331787,29.966815948486328,-0.0,0.0,0.6628025146981148,-0.7487942484487012,0.09600000083446503,0.0,0.0,0.0,0.0,-0.06400000303983688
1732437229.857046843,3.07564115524292,3.9347753524780273,29.970964431762695,-0.0,0.0,0.6612479097570725,-0.7501674492017782,0.15000000596046448,0.0,0.0,0.0,0.0,0.08299999684095383
1732437229.907025576,3.076507091522217,3.9279301166534424,29.971513748168945,-0.0,0.0,0.6610418451747008,-0.7503490380669698,0.1379999965429306,0.0,0.0,0.0,0.0,0.010999999940395355
1732437229.957029581,3.0776162147521973,3.9192001819610596,29.971664428710938,-0.0,0.0,0.6609853117987962,-0.7503988390091287,0.17599999904632568,0.0,0.0,0.0,0.0,0.003000000026077032
1732437230.007149696,3.078810214996338,3.90981388092041,29.971113204956055,-0.0,0.0,0.6611921055241746,-0.7502166351078259,0.1889999955892563,0.0,0.0,0.0,0.0,-0.010999999940395355
1732437230.057057858,3.0802664756774902,3.898315906524658,29.97186279296875,-0.0,0.0,0.6609108823934489,-0.750464393248549,0.23199999332427979,0.0,0.0,0.0,0.0,0.014999999664723873
1732437230.107026339,3.081820249557495,3.8861212730407715,29.97186279296875,-0.0,0.0,0.6609108823934489,-0.750464393248549,0.2460000067949295,0.0,0.0,0.0,0.0,0.0
1732437230.157027960,3.0836024284362793,3.872134208679199,29.9713134765625,-0.0,0.0,0.6611169786640069,-0.750282840349008,0.28200000524520874,0.0,0.0,0.0,0.0,-0.010999999940395355
1732437230.207045078,3.0855789184570312,3.856553792953491,29.973163604736328,-0.0,0.0,0.6604226361790817,-0.7508940948111607,0.3140000104904175,0.0,0.0,0.0,0.0,0.03700000047683716
1732437230.257041216,3.087653160095215,3.840441942214966,29.973512649536133,-0.0,0.0,0.6602915782826493,-0.7510093419185996,0.32499998807907104,0.0,0.0,0.0,0.0,0.007000000216066837
1732437230.307049274,3.089914083480835,3.822927951812744,29.97481346130371,-0.0,0.0,0.6598029777614771,-0.7514386405669379,0.3529999852180481,0.0,0.0,0.0,0.0,0.026000000536441803
1732437230.357043505,3.0923190116882324,3.8044872283935547,29.977462768554688,-0.0,0.0,0.6588070032525807,-0.7523119914406218,0.3720000088214874,0.0,0.0,0.0,0.0,0.05299999937415123
1732437230.407040119,3.095003128051758,3.784322738647461,29.976364135742188,-0.0,0.0,0.6592201611542996,-0.751949984458873,0.40700000524520874,0.0,0.0,0.0,0.0,-0.02199999988079071
1732437230.457041025,3.0978236198425293,3.762953519821167,29.977264404296875,-0.0,0.0,0.6588816159169977,-0.7522466458593259,0.4309999942779541,0.0,0.0,0.0,0.0,0.017999999225139618
1732437230.507049561,3.1007955074310303,3.740593194961548,29.97481346130371,-0.0,0.0,0.6598029777614771,-0.7514386405669379,0.45100000500679016,0.0,0.0,0.0,0.0,-0.04899999871850014
1732437230.557054520,3.1038408279418945,3.7172412872314453,29.97536277770996,-0.0,0.0,0.6595965640904744,-0.7516198325217615,0.47099998593330383,0.0,0.0,0.0,0.0,0.010999999940395355
1732437230.607067823,3.1070704460144043,3.692582607269287,29.975013732910156,-0.0,0.0,0.6597277285417759,-0.7515047067005695,0.49799999594688416,0.0,0.0,0.0,0.0,-0.007000000216066837
1732437230.657131910,3.1102137565612793,3.66851806640625,29.978416442871094,-0.0,0.0,0.6584481980564109,-0.7526260495599828,0.48500001430511475,0.0,0.0,0.0,0.0,0.06800000369548798
1732437230.707036972,3.1135497093200684,3.6436383724212646,29.975215911865234,-0.0,0.0,0.6596517559528308,-0.7515713943920078,0.5019999742507935,0.0,0.0,0.0,0.0,-0.06400000303983688
1732437230.757041216,3.117136240005493,3.6162242889404297,29.97126579284668,-0.0,0.0,0.6611348666129765,-0.7502670778786991,0.5529999732971191,0.0,0.0,0.0,0.0,-0.07900000363588333
1732437230.807043552,3.1210434436798096,3.5854122638702393,29.96806526184082,-0.0,0.0,0.6623346460899272,-0.7492081263500355,0.6209999918937683,0.0,0.0,0.0,0.0,-0.06400000303983688
1732437230.857128859,3.1243906021118164,3.5583229064941406,29.96861457824707,-0.0,0.0,0.6621288449524527,-0.7493900137324562,0.5460000038146973,0.0,0.0,0.0,0.0,0.010999999940395355
1732437230.907047033,3.128011703491211,3.5291481018066406,29.96541404724121,-0.0,0.0,0.6633272196217911,-0.7483294726982388,0.5879999995231628,0.0,0.0,0.0,0.0,-0.06400000303983688
1732437230.957052708,3.1316781044006348,3.4988138675689697,29.963563919067383,-0.0,0.0,0.6640191884244523,-0.7477155324079685,0.6110000014305115,0.0,0.0,0.0,0.0,-0.03700000047683716
1732437231.007109642,3.1350839138031006,3.470191717147827,29.96391487121582,-0.0,0.0,0.6638879720156758,-0.7478320403759879,0.5759999752044678,0.0,0.0,0.0,0.0,0.007000000216066837
1732437231.057054281,3.138523817062378,3.4413697719573975,29.965213775634766,-0.0,0.0,0.6634021508688394,-0.7482630461425966,0.5809999704360962,0.0,0.0,0.0,0.0,0.026000000536441803
1732437231.107057095,3.142057418823242,3.412086009979248,29.964664459228516,-0.0,0.0,0.6636076424273972,-0.7480808090787731,0.5899999737739563,0.0,0.0,0.0,0.0,-0.010999999940395355
1732437231.157043219,3.145211696624756,3.385823965072632,29.966514587402344,-0.0,0.0,0.6629153358965433,-0.748694368506384,0.5289999842643738,0.0,0.0,0.0,0.0,0.03700000047683716
1732437231.207038641,3.1485891342163086,3.3581364154815674,29.96876335144043,-0.0,0.0,0.6620730985478963,-0.7494392651704257,0.5580000281333923,0.0,0.0,0.0,0.0,0.04500000178813934
1732437231.257056475,3.1519880294799805,3.330784559249878,29.97141456604004,-0.0,0.0,0.6610790549693532,-0.7503162553755762,0.5509999990463257,0.0,0.0,0.0,0.0,0.05299999937415123
1732437231.307055473,3.155344247817993,3.304349899291992,29.971263885498047,-0.0,0.0,0.6611355821231184,-0.7502664473710159,0.5329999923706055,0.0,0.0,0.0,0.0,-0.003000000026077032
1732437231.357059240,3.158519983291626,3.279306173324585,29.973512649536133,-0.0,0.0,0.6602915782826493,-0.7510093419185996,0.5049999952316284,0.0,0.0,0.0,0.0,0.04500000178813934
1732437231.407035589,3.1614716053009033,3.256442070007324,29.980314254760742,-0.0,0.0,0.6577337303901682,-0.7532505160350264,0.460999995470047,0.0,0.0,0.0,0.0,0.13600000739097595
1732437231.457073450,3.164215087890625,3.236272096633911,29.98936653137207,-0.0,0.0,0.6543176888848613,-0.7562197841979367,0.40700000524520874,0.0,0.0,0.0,0.0,0.1809999942779541
1732437231.510128260,3.1668009757995605,3.2184691429138184,29.998611450195312,-0.0,0.0,0.650815115641158,-0.7592362512768909,0.36000001430511475,0.0,0.0,0.0,0.0,0.1850000023841858
1732437231.557015896,3.17010235786438,3.1971282958984375,30.004261016845703,-0.0,0.0,0.6486678440352618,-0.7610716313952619,0.4320000112056732,0.0,0.0,0.0,0.0,0.11299999803304672
1732437231.607030869,3.1738829612731934,3.1735711097717285,30.002960205078125,-0.0,0.0,0.6491627122651409,-0.7606495730653938,0.47699999809265137,0.0,0.0,0.0,0.0,-0.026000000536441803
1732437231.657005072,3.177855968475342,3.1486074924468994,30.000513076782227,-0.0,0.0,0.6500929296459875,-0.7598547116549961,0.5059999823570251,0.0,0.0,0.0,0.0,-0.04899999871850014
1732437231.707001209,3.1818184852600098,3.123311758041382,29.997861862182617,-0.0,0.0,0.6510996271206992,-0.7589922763528535,0.5120000243186951,0.0,0.0,0.0,0.0,-0.05299999937415123
1732437231.757030964,3.185563802719116,3.098980188369751,29.99936294555664,-0.0,0.0,0.6505297884442827,-0.7594807399444945,0.492000013589859,0.0,0.0,0.0,0.0,0.029999999329447746
1732437231.807010412,3.189347505569458,3.074643135070801,30.00181007385254,-0.0,0.0,0.6496000283146866,-0.7602761361594604,0.49300000071525574,0.0,0.0,0.0,0.0,0.04899999871850014
1732437231.857015133,3.193063259124756,3.051121234893799,30.004060745239258,-0.0,0.0,0.6487440513020998,-0.7610066727040825,0.47600001096725464,0.0,0.0,0.0,0.0,0.04500000178813934
1732437231.907050610,3.19685435295105,3.027467966079712,30.008411407470703,-0.0,0.0,0.6470870761642489,-0.7624161041460258,0.4790000021457672,0.0,0.0,0.0,0.0,0.08699999749660492
1732437231.956990004,3.2007367610931396,3.0039024353027344,30.012557983398438,-0.0,0.0,0.6455049784056802,-0.7637560624004777,0.4779999852180481,0.0,0.0,0.0,0.0,0.08299999684095383
1732437232.007045507,3.2048635482788086,2.9794845581054688,30.01881217956543,-0.0,0.0,0.6431134860682944,-0.7657708822076521,0.4950000047683716,0.0,0.0,0.0,0.0,0.125
1732437232.057005405,3.2088441848754883,2.956796646118164,30.019161224365234,-0.0,0.0,0.6429798321028375,-0.7658831082541298,0.460999995470047,0.0,0.0,0.0,0.0,0.007000000216066837
1732437232.106993675,3.212575674057007,2.9355716705322266,30.01106071472168,-0.0,0.0,0.6460765714790169,-0.7632726012283677,0.4309999942779541,0.0,0.0,0.0,0.0,-0.16200000047683716
1732437232.156998873,3.216003179550171,2.9151053428649902,30.000659942626953,-0.0,0.0,0.6500371295412106,-0.7599024478298667,0.41499999165534973,0.0,0.0,0.0,0.0,-0.20800000429153442
1732437232.206990480,3.219271421432495,2.894261360168457,29.989910125732422,-0.0,0.0,0.6541121263140173,-0.7563975979661458,0.421999990940094,0.0,0.0,0.0,0.0,-0.2150000035762787
1732437232.256987095,3.222243070602417,2.873879909515381,29.978561401367188,-0.0,0.0,0.6583936465568323,-0.7526737714133508,0.41200000047683716,0.0,0.0,0.0,0.0,-0.22699999809265137
1732437232.306988955,3.22481107711792,2.8547487258911133,29.974611282348633,-0.0,0.0,0.6598789369296348,-0.7513719375892441,0.38600000739097595,0.0,0.0,0.0,0.0,-0.07900000363588333
1732437232.356994867,3.2273097038269043,2.835559606552124,29.972761154174805,-0.0,0.0,0.6605737216823236,-0.7507611858792141,0.3869999945163727,0.0,0.0,0.0,0.0,-0.03700000047683716
1732437232.406998873,3.229868173599243,2.8156230449676514,29.966161727905273,-0.0,0.0,0.6630474175375892,-0.7485773988685029,0.4020000100135803,0.0,0.0,0.0,0.0,-0.13199999928474426
1732437232.456990480,3.232294797897339,2.795670986175537,29.960712432861328,-0.0,0.0,0.665084563436446,-0.7467680519937581,0.4020000100135803,0.0,0.0,0.0,0.0,-0.10899999737739563
1732437232.506990433,3.234480142593384,2.7768478393554688,29.956562042236328,-0.0,0.0,0.6666328198137937,-0.7453862646622287,0.3790000081062317,0.0,0.0,0.0,0.0,-0.08299999684095383
1732437232.557096720,3.2366344928741455,2.7575955390930176,29.955461502075195,-0.0,0.0,0.6670428826257429,-0.7450193237348542,0.3869999945163727,0.0,0.0,0.0,0.0,-0.02199999988079071
1732437232.606978655,3.238762378692627,2.7383873462677,29.9547119140625,-0.0,0.0,0.6673220645464157,-0.7447692677396868,0.3869999945163727,0.0,0.0,0.0,0.0,-0.014999999664723873
1732437232.657000303,3.2409772872924805,2.7182559967041016,29.9547119140625,-0.0,0.0,0.6673220645464157,-0.7447692677396868,0.4050000011920929,0.0,0.0,0.0,0.0,0.0
1732437232.706979036,3.2431530952453613,2.6984806060791016,29.95621109008789,-0.0,0.0,0.6667636070051922,-0.7452692750767508,0.39800000190734863,0.0,0.0,0.0,0.0,0.029999999329447746
1732437232.756989002,3.2453980445861816,2.678353786468506,29.956960678100586,-0.0,0.0,0.666484237723994,-0.7455191217302656,0.4050000011920929,0.0,0.0,0.0,0.0,0.014999999664723873
1732437232.806994438,3.2477142810821533,2.657728433609009,29.958660125732422,-0.0,0.0,0.6658505118362898,-0.7460851800480631,0.41499999165534973,0.0,0.0,0.0,0.0,0.03400000184774399
1732437232.856994390,3.2500195503234863,2.6375110149383545,29.960159301757812,-0.0,0.0,0.6652910683164862,-0.7465840839572649,0.40700000524520874,0.0,0.0,0.0,0.0,0.029999999329447746
1732437232.906984806,3.2524523735046387,2.616454601287842,29.96295928955078,-0.0,0.0,0.6642452035177113,-0.7475147554421345,0.42399999499320984,0.0,0.0,0.0,0.0,0.0560000017285347
1732437232.957001925,3.2549571990966797,2.5952959060668945,29.963109970092773,-0.0,0.0,0.6641888836683362,-0.7475647977342228,0.4259999990463257,0.0,0.0,0.0,0.0,0.003000000026077032
1732437233.006984234,3.2575225830078125,2.57365345954895,29.9649600982666,-0.0,0.0,0.6634970542322807,-0.7481788950679416,0.4359999895095825,0.0,0.0,0.0,0.0,0.03700000047683716
1732437233.060167551,3.260136127471924,2.551948308944702,29.965511322021484,-0.0,0.0,0.663290822044709,-0.7483617343178726,0.43700000643730164,0.0,0.0,0.0,0.0,0.010999999940395355
1732437233.106976986,3.2628304958343506,2.5296735763549805,29.966609954833984,-0.0,0.0,0.6628796346134052,-0.7487259779216949,0.4490000009536743,0.0,0.0,0.0,0.0,0.02199999988079071
1732437233.156997204,3.2656002044677734,2.506986618041992,29.966060638427734,-0.0,0.0,0.6630852533396807,-0.7485438843537842,0.4569999873638153,0.0,0.0,0.0,0.0,-0.010999999940395355
1732437233.206980467,3.2684404850006104,2.4836134910583496,29.96735954284668,-0.0,0.0,0.6625989700535212,-0.7489743686428881,0.47099998593330383,0.0,0.0,0.0,0.0,0.026000000536441803
1732437233.257012129,3.2713921070098877,2.459585666656494,29.9660587310791,-0.0,0.0,0.6630859672064564,-0.7485432519860681,0.48399999737739563,0.0,0.0,0.0,0.0,-0.026000000536441803
1732437233.306981802,3.2744250297546387,2.4346277713775635,29.965709686279297,-0.0,0.0,0.6632165946724018,-0.7484275172327265,0.503000020980835,0.0,0.0,0.0,0.0,-0.007000000216066837
1732437233.357007265,3.2775473594665527,2.4088592529296875,29.966609954833984,-0.0,0.0,0.6628796346134052,-0.7487259779216949,0.5189999938011169,0.0,0.0,0.0,0.0,0.017999999225139618
1732437233.407025576,3.280752420425415,2.382606267929077,29.96695899963379,-0.0,0.0,0.6627489550645159,-0.7488416538634134,0.5289999842643738,0.0,0.0,0.0,0.0,0.007000000216066837
1732437233.457004070,3.284088373184204,2.3553600311279297,29.96320915222168,-0.0,0.0,0.6641518103175729,-0.7475977346487152,0.5490000247955322,0.0,0.0,0.0,0.0,-0.07500000298023224
1732437233.506995678,3.2872629165649414,2.3286008834838867,29.961158752441406,-0.0,0.0,0.6649178982754357,-0.7469164535294275,0.5389999747276306,0.0,0.0,0.0,0.0,-0.04100000113248825
1732437233.557029724,3.2904253005981445,2.301469087600708,29.962059020996094,-0.0,0.0,0.6645816182256244,-0.7472156801865245,0.5460000038146973,0.0,0.0,0.0,0.0,0.017999999225139618
1732437233.607012033,3.2936203479766846,2.274268865585327,29.96525764465332,-0.0,0.0,0.6633857379265242,-0.7482775973632252,0.5479999780654907,0.0,0.0,0.0,0.0,0.06400000303983688
1732437233.657006264,3.2968380451202393,2.2476117610931396,29.965106964111328,-0.0,0.0,0.6634421114806959,-0.7482276155783318,0.5370000004768372,0.0,0.0,0.0,0.0,-0.003000000026077032
1732437233.707006216,3.3001110553741455,2.220461845397949,29.96620750427246,-0.0,0.0,0.6630302837869764,-0.7485925746234474,0.546999990940094,0.0,0.0,0.0,0.0,0.02199999988079071
1732437233.757019281,3.303307056427002,2.1941943168640137,29.96845817565918,-0.0,0.0,0.6621874461965311,-0.7493382321086495,0.5289999842643738,0.0,0.0,0.0,0.0,0.04500000178813934
1732437233.807075024,3.3065743446350098,2.1678366661071777,29.97110939025879,-0.0,0.0,0.6611935364476452,-0.7502153739826027,0.531000018119812,0.0,0.0,0.0,0.0,0.05299999937415123
1732437233.857014418,3.3098583221435547,2.141907215118408,29.972957611083984,-0.0,0.0,0.6604999723845058,-0.75082606939295,0.5230000019073486,0.0,0.0,0.0,0.0,0.03700000047683716
1732437233.907084465,3.3130857944488525,2.116795778274536,29.9724063873291,-0.0,0.0,0.6607068838780846,-0.7506439992407261,0.5059999823570251,0.0,0.0,0.0,0.0,-0.010999999940395355
1732437233.957003832,3.316364288330078,2.0911765098571777,29.970706939697266,-0.0,0.0,0.6613444853594913,-0.7500823099397756,0.5170000195503235,0.0,0.0,0.0,0.0,-0.03400000184774399
1732437234.006989479,3.319469928741455,2.0665762424468994,29.967308044433594,-0.0,0.0,0.6626182553295739,-0.7489573069968619,0.4959999918937683,0.0,0.0,0.0,0.0,-0.06800000369548798
1732437234.057029486,3.3225183486938477,2.0417492389678955,29.96620750427246,-0.0,0.0,0.6630302837869764,-0.7485925746234474,0.5,0.0,0.0,0.0,0.0,-0.02199999988079071
1732437234.106995583,3.32550048828125,2.0172393321990967,29.971506118774414,-0.0,0.0,0.6610447075243148,-0.7503465163869911,0.49399998784065247,0.0,0.0,0.0,0.0,0.10599999874830246
1732437234.157006741,3.3284690380096436,1.993875503540039,29.97585678100586,-0.0,0.0,0.6594108926341662,-0.7517827310303238,0.47099998593330383,0.0,0.0,0.0,0.0,0.08699999749660492
1732437234.207039118,3.3315467834472656,1.9704668521881104,29.980358123779297,-0.0,0.0,0.6577172080515121,-0.7532649429204334,0.47200000286102295,0.0,0.0,0.0,0.0,0.09000000357627869
1732437234.257002592,3.334552049636841,1.9483789205551147,29.985055923461914,-0.0,0.0,0.6559460513528714,-0.7548077753405672,0.44600000977516174,0.0,0.0,0.0,0.0,0.09399999678134918
1732437234.307048082,3.337428092956543,1.9279589653015137,29.98845863342285,-0.0,0.0,0.6546609066511727,-0.75592267944722,0.41200000047683716,0.0,0.0,0.0,0.0,0.06800000369548798
1732437234.356999159,3.340360164642334,1.9076428413391113,29.995800018310547,-0.0,0.0,0.651881742774749,-0.7583206402551338,0.41100001335144043,0.0,0.0,0.0,0.0,0.1469999998807907
1732437234.406989574,3.3433618545532227,1.887871503829956,30.001249313354492,-0.0,0.0,0.6498131691907459,-0.7600939712603165,0.4000000059604645,0.0,0.0,0.0,0.0,0.10899999737739563
1732437234.456987381,3.3463547229766846,1.868856430053711,30.007648468017578,-0.0,0.0,0.6473778677381897,-0.7621692045489341,0.38499999046325684,0.0,0.0,0.0,0.0,0.12800000607967377
1732437234.506979704,3.349355936050415,1.8505525588989258,30.0146484375,-0.0,0.0,0.6447063274474886,-0.7644303443409162,0.3709999918937683,0.0,0.0,0.0,0.0,0.14000000059604645
1732437234.556991816,3.352536678314209,1.831969141960144,30.018598556518555,-0.0,0.0,0.6431952755541266,-0.7657021859083668,0.37700000405311584,0.0,0.0,0.0,0.0,0.07900000363588333
1732437234.607050419,3.355696201324463,1.8139382600784302,30.018749237060547,-0.0,0.0,0.643137585518554,-0.7657506422415619,0.3659999966621399,0.0,0.0,0.0,0.0,0.003000000026077032
1732437234.656990767,3.358726978302002,1.7966580390930176,30.019298553466797,-0.0,0.0,0.6429272415675323,-0.7659272563699271,0.35100001096725464,0.0,0.0,0.0,0.0,0.010999999940395355
1732437234.707017899,3.361544609069824,1.780644416809082,30.019649505615234,-0.0,0.0,0.6427928297616767,-0.766040062925547,0.32499998807907104,0.0,0.0,0.0,0.0,0.007000000216066837
1732437234.757004976,3.364356756210327,1.764695167541504,30.02094841003418,-0.0,0.0,0.6422951878240372,-0.7664573645664088,0.3240000009536743,0.0,0.0,0.0,0.0,0.026000000536441803
1732437234.807059288,3.3671481609344482,1.7489830255508423,30.020198822021484,-0.0,0.0,0.6425824063318947,-0.7662165823530002,0.3190000057220459,0.0,0.0,0.0,0.0,-0.014999999664723873
1732437234.857002258,3.3697590827941895,1.7342216968536377,30.01849937438965,-0.0,0.0,0.6432332467496678,-0.7656702882284783,0.30000001192092896,0.0,0.0,0.0,0.0,-0.03400000184774399
1732437234.906984329,3.3723204135894775,1.7195963859558105,30.017749786376953,-0.0,0.0,0.6435201702001533,-0.7654291544914955,0.296999990940094,0.0,0.0,0.0,0.0,-0.014999999664723873
1732437234.957085133,3.3749353885650635,1.7045981884002686,30.01604652404785,-0.0,0.0,0.6441718000788396,-0.7648808351522396,0.30399999022483826,0.0,0.0,0.0,0.0,-0.03400000184774399
1732437235.007086515,3.3774592876434326,1.6899758577346802,30.011550903320312,-0.0,0.0,0.6458894783122019,-0.7634309279860174,0.296999990940094,0.0,0.0,0.0,0.0,-0.09000000357627869
1732437235.056990385,3.379892349243164,1.6754910945892334,30.00890350341797,-0.0,0.0,0.6468994656414535,-0.7625752955300886,0.2939999997615814,0.0,0.0,0.0,0.0,-0.05299999937415123
1732437235.106991053,3.382288694381714,1.660990595817566,30.00515365600586,-0.0,0.0,0.6483280982679106,-0.7613610687422324,0.2939999997615814,0.0,0.0,0.0,0.0,-0.07500000298023224
1732437235.156989813,3.3846793174743652,1.646178960800171,29.9989013671875,-0.0,0.0,0.6507050510586007,-0.7593305844800563,0.30000001192092896,0.0,0.0,0.0,0.0,-0.125
1732437235.206985474,3.38698410987854,1.6313084363937378,29.993602752685547,-0.0,0.0,0.65271446513628,-0.7576040040825154,0.3009999990463257,0.0,0.0,0.0,0.0,-0.10599999874830246
1732437235.257081985,3.3891899585723877,1.6165615320205688,29.98889923095703,-0.0,0.0,0.6544943619323691,-0.7560668820936023,0.2980000078678131,0.0,0.0,0.0,0.0,-0.09399999678134918
1732437235.306999207,3.3913521766662598,1.6016265153884888,29.98305320739746,-0.0,0.0,0.6567015551907823,-0.7541505601735027,0.3019999861717224,0.0,0.0,0.0,0.0,-0.11699999868869781
1732437235.356987476,3.393435001373291,1.586621642112732,29.974353790283203,-0.0,0.0,0.6599756676165003,-0.7512869745670789,0.30300000309944153,0.0,0.0,0.0,0.0,-0.17399999499320984
1732437235.406985760,3.3953936100006104,1.5715488195419312,29.967754364013672,-0.0,0.0,0.6624511016762923,-0.7491051580972238,0.30399999022483826,0.0,0.0,0.0,0.0,-0.13199999928474426
1732437235.456979275,3.396965265274048,1.5587962865829468,29.968103408813477,-0.0,0.0,0.6623203559584953,-0.7492207592445714,0.25699999928474426,0.0,0.0,0.0,0.0,0.007000000216066837
1732437235.506986141,3.398498773574829,1.5463885068893433,29.96735382080078,-0.0,0.0,0.6626011128836664,-0.7489724729289634,0.25,0.0,0.0,0.0,0.0,-0.014999999664723873
1732437235.556981564,3.4000349044799805,1.5338836908340454,29.967702865600586,-0.0,0.0,0.6624703903201187,-0.7490881002586476,0.25200000405311584,0.0,0.0,0.0,0.0,0.007000000216066837
1732437235.606981516,3.4015631675720215,1.5214778184890747,29.96695327758789,-0.0,0.0,0.6627510975149605,-0.7488397577203786,0.25,0.0,0.0,0.0,0.0,-0.014999999664723873
1732437235.656996727,3.4030885696411133,1.5090186595916748,29.967853546142578,-0.0,0.0,0.6624139519395559,-0.7491380088313633,0.25099998712539673,0.0,0.0,0.0,0.0,0.017999999225139618
1732437235.706949472,3.4045989513397217,1.4967727661132812,29.966554641723633,-0.0,0.0,0.6629003415412091,-0.7487076446681631,0.24699999392032623,0.0,0.0,0.0,0.0,-0.026000000536441803
1732437235.756982803,3.4061262607574463,1.4842562675476074,29.966554641723633,-0.0,0.0,0.6629003415412091,-0.7487076446681631,0.25200000405311584,0.0,0.0,0.0,0.0,0.0
1732437235.807016850,3.4076828956604004,1.4714996814727783,29.968055725097656,-0.0,0.0,0.6623382185851361,-0.7492049680838139,0.25699999928474426,0.0,0.0,0.0,0.0,0.029999999329447746
1732437235.856980324,3.409264326095581,1.4586987495422363,29.96715545654297,-0.0,0.0,0.6626753943088669,-0.7489067510562231,0.257999986410141,0.0,0.0,0.0,0.0,-0.017999999225139618
1732437235.906974792,3.4107980728149414,1.4461928606033325,29.969804763793945,-0.0,0.0,0.6616827711554846,-0.7497839091071498,0.25200000405311584,0.0,0.0,0.0,0.0,0.05299999937415123
1732437235.956984520,3.412396192550659,1.4334410429000854,29.970905303955078,-0.0,0.0,0.6612700873464044,-0.750147899804351,0.25699999928474426,0.0,0.0,0.0,0.0,0.02199999988079071
1732437236.006939173,3.4139504432678223,1.421149730682373,29.971654891967773,-0.0,0.0,0.6609888899717807,-0.7503956871770208,0.24799999594688416,0.0,0.0,0.0,0.0,0.014999999664723873
1732437236.056995153,3.415567398071289,1.4084374904632568,29.97110366821289,-0.0,0.0,0.661195682828341,-0.7502134822896506,0.25600001215934753,0.0,0.0,0.0,0.0,-0.010999999940395355
1732437236.106986761,3.417212724685669,1.3954451084136963,29.97165298461914,-0.0,0.0,0.6609896056045741,-0.7503950568085517,0.2619999945163727,0.0,0.0,0.0,0.0,0.010999999940395355
1732437236.156942368,3.418933391571045,1.3819173574447632,29.972951889038086,-0.0,0.0,0.660502120512418,-0.7508241796842983,0.27300000190734863,0.0,0.0,0.0,0.0,0.026000000536441803
1732437236.206990004,3.4207258224487305,1.3679701089859009,29.972951889038086,-0.0,0.0,0.660502120512418,-0.7508241796842983,0.2809999883174896,0.0,0.0,0.0,0.0,0.0
1732437236.256995440,3.4225428104400635,1.3538322448730469,29.973302841186523,-0.0,0.0,0.6603703586645726,-0.7509400704431903,0.2849999964237213,0.0,0.0,0.0,0.0,0.007000000216066837
1732437236.307000875,3.4244470596313477,1.3390576839447021,29.973852157592773,-0.0,0.0,0.6601640819085416,-0.7511214182526367,0.2980000078678131,0.0,0.0,0.0,0.0,0.010999999940395355
1732437236.356961250,3.4263393878936768,1.324438214302063,29.972152709960938,-0.0,0.0,0.6608020892601638,-0.750560190011036,0.29499998688697815,0.0,0.0,0.0,0.0,-0.03400000184774399
1732437236.406949997,3.428257942199707,1.3094147443771362,29.972152709960938,-0.0,0.0,0.6608020892601638,-0.750560190011036,0.30300000309944153,0.0,0.0,0.0,0.0,0.0
1732437236.456948996,3.4302914142608643,1.2934918403625488,29.972503662109375,-0.0,0.0,0.6606703737315716,-0.7506761334113304,0.32100000977516174,0.0,0.0,0.0,0.0,0.007000000216066837
1732437236.506938457,3.4321775436401367,1.2787635326385498,29.971004486083984,-0.0,0.0,0.661232885900449,-0.7501806919694507,0.296999990940094,0.0,0.0,0.0,0.0,-0.029999999329447746
1732437236.556943655,3.4343621730804443,1.2615004777908325,29.966854095458984,-0.0,0.0,0.6627882324606923,-0.7488068902671979,0.3479999899864197,0.0,0.0,0.0,0.0,-0.08299999684095383
1732437236.606947660,3.436553955078125,1.2435823678970337,29.968355178833008,-0.0,0.0,0.6622260350482431,-0.749304129512365,0.3610000014305115,0.0,0.0,0.0,0.0,0.029999999329447746
1732437236.656948805,3.438643455505371,1.2267109155654907,29.967805862426758,-0.0,0.0,0.6624318125932465,-0.7491222154391272,0.3400000035762787,0.0,0.0,0.0,0.0,-0.010999999940395355
1732437236.706941366,3.440803050994873,1.2091954946517944,29.96690559387207,-0.0,0.0,0.6627689510576946,-0.7488239562900503,0.3529999852180481,0.0,0.0,0.0,0.0,-0.017999999225139618
1732437236.756958485,3.442941427230835,1.1917227506637573,29.96465492248535,-0.0,0.0,0.6636112095471239,-0.7480776447424446,0.35199999809265137,0.0,0.0,0.0,0.0,-0.04500000178813934
1732437236.806944847,3.4451115131378174,1.173654317855835,29.962604522705078,-0.0,0.0,0.664377789792771,-0.7473969175947093,0.36399999260902405,0.0,0.0,0.0,0.0,-0.04100000113248825
1732437236.856945992,3.4472737312316895,1.1553329229354858,29.962055206298828,-0.0,0.0,0.6645830434252216,-0.7472144125963244,0.36899998784065247,0.0,0.0,0.0,0.0,-0.010999999940395355
1732437236.906989098,3.4494028091430664,1.1372060775756836,29.961305618286133,-0.0,0.0,0.6648630482247914,-0.7469652783799516,0.36500000953674316,0.0,0.0,0.0,0.0,-0.014999999664723873
1732437236.956980944,3.4515256881713867,1.1190162897109985,29.961456298828125,-0.0,0.0,0.6648067697714135,-0.747015367222187,0.3659999966621399,0.0,0.0,0.0,0.0,0.003000000026077032
1732437237.006948233,3.4535553455352783,1.1016470193862915,29.961456298828125,-0.0,0.0,0.6648067697714135,-0.747015367222187,0.3499999940395355,0.0,0.0,0.0,0.0,0.0
1732437237.056946278,3.455656051635742,1.0836697816848755,29.960556030273438,-0.0,0.0,0.6651429596306861,-0.7467160392369588,0.3619999885559082,0.0,0.0,0.0,0.0,-0.017999999225139618
1732437237.106950760,3.457648515701294,1.0664842128753662,29.962255477905273,-0.0,0.0,0.6645082171780151,-0.7472809574068483,0.34599998593330383,0.0,0.0,0.0,0.0,0.03400000184774399
1732437237.156958818,3.459535598754883,1.0504459142684937,29.965255737304688,-0.0,0.0,0.6633864515393487,-0.7482769647089448,0.3230000138282776,0.0,0.0,0.0,0.0,0.05999999865889549
1732437237.206947803,3.4615490436553955,1.0337656736373901,29.965606689453125,-0.0,0.0,0.6632551366223782,-0.7483933616381364,0.335999995470047,0.0,0.0,0.0,0.0,0.007000000216066837
1732437237.256934881,3.4634716510772705,1.017884612083435,29.966156005859375,-0.0,0.0,0.663049559231993,-0.7485755018715612,0.3199999928474426,0.0,0.0,0.0,0.0,0.010999999940395355
1732437237.306945801,3.465409755706787,1.0019489526748657,29.968006134033203,-0.0,0.0,0.6623567953174557,-0.7491885448248592,0.32100000977516174,0.0,0.0,0.0,0.0,0.03700000047683716
1732437237.356947660,3.4673707485198975,0.9860694408416748,29.96970558166504,-0.0,0.0,0.6617199529240023,-0.7497510946322494,0.3199999928474426,0.0,0.0,0.0,0.0,0.03400000184774399
1732437237.406949759,3.469172239303589,0.9716837406158447,29.970455169677734,-0.0,0.0,0.6614389042379789,-0.749999050639707,0.28999999165534973,0.0,0.0,0.0,0.0,0.014999999664723873
1732437237.456967592,3.4708597660064697,0.9582886099815369,29.97385597229004,-0.0,0.0,0.6601626492569306,-0.7511226774143295,0.27000001072883606,0.0,0.0,0.0,0.0,0.06800000369548798
1732437237.506939173,3.472393751144409,0.9464385509490967,29.97990608215332,-0.0,0.0,0.6578874448049812,-0.7531162659031956,0.23899999260902405,0.0,0.0,0.0,0.0,0.12099999934434891
1732437237.556938648,3.4739389419555664,0.9350433349609375,29.987455368041992,-0.0,0.0,0.655040019794804,-0.7555941850406359,0.23000000417232513,0.0,0.0,0.0,0.0,0.1509999930858612
1732437237.606947899,3.475719451904297,0.9226170182228088,29.99290657043457,-0.0,0.0,0.6529781408175426,-0.7573767540758467,0.25099998712539673,0.0,0.0,0.0,0.0,0.10899999737739563
1732437237.656941652,3.4773459434509277,0.9116904139518738,29.997804641723633,-0.0,0.0,0.6511213417974283,-0.7589736479324671,0.22100000083446503,0.0,0.0,0.0,0.0,0.09799999743700027
1732437237.706976891,3.4789886474609375,0.9010141491889954,30.00405502319336,-0.0,0.0,0.6487462285569998,-0.7610048166293489,0.2160000056028366,0.0,0.0,0.0,0.0,0.125
1732437237.756941319,3.480839967727661,0.8894632458686829,30.007055282592773,-0.0,0.0,0.6476038930925412,-0.7619771634710482,0.23399999737739563,0.0,0.0,0.0,0.0,0.05999999865889549
1732437237.806949854,3.4827990531921387,0.8774702548980713,30.006704330444336,-0.0,0.0,0.6477375918826834,-0.7618635127514785,0.24300000071525574,0.0,0.0,0.0,0.0,-0.007000000216066837
1732437237.856943607,3.4847371578216553,0.8655791282653809,30.00635528564453,-0.0,0.0,0.6478705442662341,-0.7617504564305646,0.2409999966621399,0.0,0.0,0.0,0.0,-0.007000000216066837
1732437237.906940699,3.486743688583374,0.8532413244247437,30.002954483032227,-0.0,0.0,0.6491648884983688,-0.7606477157928632,0.25,0.0,0.0,0.0,0.0,-0.06800000369548798
1732437237.956943274,3.48872447013855,0.840795636177063,29.999954223632812,-0.0,0.0,0.650305227863206,-0.7596730287523599,0.25200000405311584,0.0,0.0,0.0,0.0,-0.05999999865889549
1732437238.006958961,3.4907443523406982,0.8278540968894958,29.995254516601562,-0.0,0.0,0.6520885511270648,-0.7581428107480842,0.2619999945163727,0.0,0.0,0.0,0.0,-0.09399999678134918
1732437238.056946278,3.4927783012390137,0.8144068717956543,29.98920440673828,-0.0,0.0,0.6543789876627895,-0.756166741205551,0.2720000147819519,0.0,0.0,0.0,0.0,-0.12099999934434891
1732437238.106947899,3.494658946990967,0.8014436364173889,29.982954025268555,-0.0,0.0,0.6567389535122995,-0.7541179927170347,0.2619999945163727,0.0,0.0,0.0,0.0,-0.125
1732437238.156955004,3.4965686798095703,0.7876744866371155,29.97635269165039,-0.0,0.0,0.659224463835832,-0.7519462123585435,0.27799999713897705,0.0,0.0,0.0,0.0,-0.13199999928474426
1732437238.206955910,3.4980342388153076,0.7765694260597229,29.976503372192383,-0.0,0.0,0.6591678101335414,-0.7519958763741671,0.2240000069141388,0.0,0.0,0.0,0.0,0.003000000026077032
1732437238.256943226,3.4995601177215576,0.7650216817855835,29.97820281982422,-0.0,0.0,0.6585285834351707,-0.7525557154117344,0.2329999953508377,0.0,0.0,0.0,0.0,0.03400000184774399
1732437238.306943655,3.5010063648223877,0.754217803478241,29.97765350341797,-0.0,0.0,0.6587352541943658,-0.7523748167512547,0.21799999475479126,0.0,0.0,0.0,0.0,-0.010999999940395355
1732437238.356950521,3.5024797916412354,0.7431648969650269,29.978004455566406,-0.0,0.0,0.6586032202740194,-0.7524903974435099,0.22300000488758087,0.0,0.0,0.0,0.0,0.007000000216066837
1732437238.406960249,3.5039968490600586,0.7318146824836731,29.9781551361084,-0.0,0.0,0.6585465255744403,-0.7525400146529306,0.2290000021457672,0.0,0.0,0.0,0.0,0.003000000026077032
1732437238.456969738,3.5055484771728516,0.7202191948890686,29.977806091308594,-0.0,0.0,0.6586778506341259,-0.752425072072966,0.23399999737739563,0.0,0.0,0.0,0.0,-0.007000000216066837
1732437238.506986380,3.50707745552063,0.7087625861167908,29.976505279541016,-0.0,0.0,0.6591670929740883,-0.7519965050052358,0.23100000619888306,0.0,0.0,0.0,0.0,-0.026000000536441803
1732437238.556960821,3.508713722229004,0.6963797807693481,29.97835350036621,-0.0,0.0,0.65847188381473,-0.7526053269978101,0.25,0.0,0.0,0.0,0.0,0.03700000047683716
1732437238.606990099,3.5105416774749756,0.682739794254303,29.978504180908203,-0.0,0.0,0.6584151804566998,-0.7526549343119804,0.2750000059604645,0.0,0.0,0.0,0.0,0.003000000026077032
1732437238.656954288,3.5122487545013428,0.6700158715248108,29.978853225708008,-0.0,0.0,0.658283815284905,-0.7527698310466149,0.25699999928474426,0.0,0.0,0.0,0.0,0.007000000216066837
1732437238.707007170,3.514050006866455,0.6566258072853088,29.978853225708008,-0.0,0.0,0.658283815284905,-0.7527698310466149,0.27000001072883606,0.0,0.0,0.0,0.0,0.0
1732437238.756945610,3.5158753395080566,0.6430563926696777,29.980701446533203,-0.0,0.0,0.6575878918641519,-0.7533778364629932,0.27399998903274536,0.0,0.0,0.0,0.0,0.03700000047683716
1732437238.806945562,3.517801284790039,0.6289368867874146,29.98105239868164,-0.0,0.0,0.6574556819555097,-0.7534932158051695,0.2849999964237213,0.0,0.0,0.0,0.0,0.007000000216066837
1732437238.856945515,3.519698143005371,0.6150681376457214,29.981952667236328,-0.0,0.0,0.6571164422356645,-0.7537890827967347,0.2800000011920929,0.0,0.0,0.0,0.0,0.017999999225139618
1732437238.906948090,3.5216898918151855,0.6006025075912476,29.982702255249023,-0.0,0.0,0.6568338804592436,-0.7540353131524093,0.2919999957084656,0.0,0.0,0.0,0.0,0.014999999664723873
1732437238.956948757,3.5237605571746826,0.5856454372406006,29.98440170288086,-0.0,0.0,0.6561929216456642,-0.7545931682583187,0.3019999861717224,0.0,0.0,0.0,0.0,0.03400000184774399
1732437239.006954432,3.525822401046753,0.5709375739097595,29.984752655029297,-0.0,0.0,0.6560604984968477,-0.7547083027978875,0.296999990940094,0.0,0.0,0.0,0.0,0.007000000216066837
1732437239.056943893,3.5279998779296875,0.5554438829421997,29.986051559448242,-0.0,0.0,0.6555702131972702,-0.7551342235447192,0.31299999356269836,0.0,0.0,0.0,0.0,0.026000000536441803
1732437239.106947184,3.530205249786377,0.5398971438407898,29.985700607299805,-0.0,0.0,0.6557027110925353,-0.755019175031932,0.3140000104904175,0.0,0.0,0.0,0.0,-0.007000000216066837
1732437239.156955242,3.5325732231140137,0.5231620073318481,29.984800338745117,-0.0,0.0,0.6560425046622668,-0.7547239442845706,0.33799999952316284,0.0,0.0,0.0,0.0,-0.017999999225139618
1732437239.206936836,3.5349740982055664,0.5060850381851196,29.98295021057129,-0.0,0.0,0.6567403918770274,-0.7541167400855179,0.3449999988079071,0.0,0.0,0.0,0.0,-0.03700000047683716
1732437239.256997824,3.537332534790039,0.48908185958862305,29.98219871520996,-0.0,0.0,0.6570237031250178,-0.7538699181767956,0.34299999475479126,0.0,0.0,0.0,0.0,-0.014999999664723873
1732437239.306946039,3.5398240089416504,0.47101879119873047,29.982547760009766,-0.0,0.0,0.656892125932515,-0.753984572048965,0.36500000953674316,0.0,0.0,0.0,0.0,0.007000000216066837
1732437239.357021093,3.5424489974975586,0.4520372450351715,29.98329734802246,-0.0,0.0,0.6566094909036507,-0.7542307183185054,0.382999986410141,0.0,0.0,0.0,0.0,0.014999999664723873
1732437239.406976223,3.545133352279663,0.43273237347602844,29.98219871520996,-0.0,0.0,0.6570237031250178,-0.7538699181767956,0.38999998569488525,0.0,0.0,0.0,0.0,-0.02199999988079071
1732437239.456985235,3.5480024814605713,0.4119308292865753,29.980499267578125,-0.0,0.0,0.6576640470759273,-0.7533113573972667,0.41999998688697815,0.0,0.0,0.0,0.0,-0.03400000184774399
1732437239.506949663,3.5508697032928467,0.3908787965774536,29.97825050354004,-0.0,0.0,0.658510640921571,-0.7525714157427598,0.42500001192092896,0.0,0.0,0.0,0.0,-0.04500000178813934
1732437239.556965828,3.5537705421447754,0.3692164421081543,29.979150772094727,-0.0,0.0,0.6581718160286384,-0.7528677577008888,0.43700000643730164,0.0,0.0,0.0,0.0,0.017999999225139618
1732437239.606941223,3.5566961765289307,0.34751829504966736,29.978050231933594,-0.0,0.0,0.6585859969631408,-0.7525054714778264,0.43799999356269836,0.0,0.0,0.0,0.0,-0.02199999988079071
1732437239.657002926,3.5597846508026123,0.32441914081573486,29.978599548339844,-0.0,0.0,0.6583792903241835,-0.7526863291386555,0.4659999907016754,0.0,0.0,0.0,0.0,0.010999999940395355
1732437239.706953287,3.5627052783966064,0.3026673197746277,29.979148864746094,-0.0,0.0,0.6581725340189832,-0.7528671300189896,0.4390000104904175,0.0,0.0,0.0,0.0,0.010999999940395355
1732437239.756973505,3.5658786296844482,0.2791309654712677,29.981199264526367,-0.0,0.0,0.6574003489741119,-0.7535414926656102,0.4749999940395355,0.0,0.0,0.0,0.0,0.04100000113248825
1732437239.806955099,3.5689857006073,0.25643786787986755,29.98270034790039,-0.0,0.0,0.6568345995630568,-0.7540346867464646,0.4580000042915344,0.0,0.0,0.0,0.0,0.029999999329447746
1732437239.856963873,3.572249412536621,0.23286427557468414,29.985700607299805,-0.0,0.0,0.6557027110925353,-0.755019175031932,0.47600001096725464,0.0,0.0,0.0,0.0,0.05999999865889549
1732437239.906949282,3.5755207538604736,0.20974668860435486,29.989099502563477,-0.0,0.0,0.654418649286601,-0.7561324166215205,0.46700000762939453,0.0,0.0,0.0,0.0,0.06800000369548798
1732437239.956956387,3.5788567066192627,0.1867353469133377,29.991350173950195,-0.0,0.0,0.653567332297426,-0.7568683783549329,0.4650000035762787,0.0,0.0,0.0,0.0,0.04500000178813934
1732437240.006953001,3.5822370052337646,0.16378244757652283,29.99489974975586,-0.0,0.0,0.6522230228341968,-0.7580271291220538,0.46399998664855957,0.0,0.0,0.0,0.0,0.07100000232458115
1732437240.056957245,3.585683584213257,0.14094184339046478,29.996599197387695,-0.0,0.0,0.6515786737445173,-0.7585810648317923,0.4620000123977661,0.0,0.0,0.0,0.0,0.03400000184774399
1732437240.106950760,3.5892369747161865,0.11766168475151062,29.997148513793945,-0.0,0.0,0.6513702986583335,-0.758759997644679,0.47099998593330383,0.0,0.0,0.0,0.0,0.010999999940395355
1732437240.156971931,3.592902421951294,0.0937359631061554,29.99544906616211,-0.0,0.0,0.6520147998666939,-0.7582062389315951,0.48399999737739563,0.0,0.0,0.0,0.0,-0.03400000184774399
1732437240.206947327,3.5968399047851562,0.0677393227815628,29.995298385620117,-0.0,0.0,0.6520719214796828,-0.7581571138080776,0.5260000228881836,0.0,0.0,0.0,0.0,-0.003000000026077032
1732437240.256957293,3.600468158721924,0.04376066103577614,29.992298126220703,-0.0,0.0,0.6532085213489367,-0.757178068645108,0.48500001430511475,0.0,0.0,0.0,0.0,-0.05999999865889549
1732437240.306949854,3.6045448780059814,0.016259191557765007,29.991947174072266,-0.0,0.0,0.653341377926475,-0.7570634345212659,0.5559999942779541,0.0,0.0,0.0,0.0,-0.007000000216066837
1732437240.356960058,3.608494520187378,-0.010449601337313652,29.993446350097656,-0.0,0.0,0.6527737087538181,-0.7575529586502752,0.5400000214576721,0.0,0.0,0.0,0.0,0.029999999329447746
1732437240.406950474,3.6124401092529297,-0.0368567630648613,29.993446350097656,-0.0,0.0,0.6527737087538181,-0.7575529586502752,0.5339999794960022,0.0,0.0,0.0,0.0,0.0
1732437240.456995249,3.616342067718506,-0.06297274678945541,29.992897033691406,-0.0,0.0,0.6529817522639101,-0.757373640424826,0.527999997138977,0.0,0.0,0.0,0.0,-0.010999999940395355
1732437240.506951094,3.620169162750244,-0.08868297189474106,29.989898681640625,-0.0,0.0,0.6541164544450819,-0.7563938550941534,0.5199999809265137,0.0,0.0,0.0,0.0,-0.05999999865889549
1732437240.557000399,3.623919725418091,-0.11440955847501755,29.993297576904297,-0.0,0.0,0.6528300587341469,-0.7575043989398149,0.5199999809265137,0.0,0.0,0.0,0.0,0.06800000369548798
1732437240.606953859,3.6276328563690186,-0.13928620517253876,29.99439811706543,-0.0,0.0,0.6524131279110069,-0.7578635170856136,0.503000020980835,0.0,0.0,0.0,0.0,0.02199999988079071
1732437240.656919241,3.631258487701416,-0.16339458525180817,29.99834442138672,-0.0,0.0,0.6509164788159202,-0.7591493513175676,0.4880000054836273,0.0,0.0,0.0,0.0,0.07900000363588333
1732437240.706909657,3.634882926940918,-0.1868656575679779,30.00079345703125,-0.0,0.0,0.6499863991314725,-0.7599458407966335,0.4749999940395355,0.0,0.0,0.0,0.0,0.04899999871850014
1732437240.756957531,3.6383583545684814,-0.2090112715959549,30.002845764160156,-0.0,0.0,0.6492062359200761,-0.7606124264318106,0.4480000138282776,0.0,0.0,0.0,0.0,0.04100000113248825
1732437240.807097435,3.6418557167053223,-0.23100203275680542,30.004150390625,-0.0,0.0,0.6487099402820604,-0.761035750394977,0.4440000057220459,0.0,0.0,0.0,0.0,0.026000000536441803
1732437240.857099056,3.6451568603515625,-0.2515857219696045,30.005050659179688,-0.0,0.0,0.6483673062950078,-0.7613276798644296,0.4169999957084656,0.0,0.0,0.0,0.0,0.017999999225139618
1732437240.907095671,3.6484358310699463,-0.27191445231437683,30.005399703979492,-0.0,0.0,0.6482344276878725,-0.761440822887883,0.41200000047683716,0.0,0.0,0.0,0.0,0.007000000216066837
1732437240.957099915,3.6515235900878906,-0.2910156548023224,30.00724983215332,-0.0,0.0,0.6475297688675701,-0.7620401553922937,0.3869999945163727,0.0,0.0,0.0,0.0,0.03700000047683716
1732437241.007107735,3.6545846462249756,-0.3097307085990906,30.010251998901367,-0.0,0.0,0.6463851539660411,-0.7630112926636783,0.3790000081062317,0.0,0.0,0.0,0.0,0.05999999865889549
1732437241.057098389,3.6575100421905518,-0.3272858262062073,30.018550872802734,-0.0,0.0,0.6432135311340358,-0.7656868507203743,0.35600000619888306,0.0,0.0,0.0,0.0,0.16599999368190765
1732437241.107102156,3.660374402999878,-0.3436373472213745,30.02950096130371,-0.0,0.0,0.6390117421928951,-0.7691969795439922,0.3319999873638153,0.0,0.0,0.0,0.0,0.21899999678134918
1732437241.157071829,3.663360834121704,-0.35965079069137573,30.038394927978516,-0.0,0.0,0.6355848288864774,-0.7720310390711939,0.32600000500679016,0.0,0.0,0.0,0.0,0.17800000309944153
1732437241.207071781,3.666069269180298,-0.373490571975708,30.04649543762207,-0.0,0.0,0.6324527017582972,-0.7745989801430353,0.28200000524520874,0.0,0.0,0.0,0.0,0.16200000047683716
1732437241.257143974,3.668768882751465,-0.3867153525352478,30.05364418029785,-0.0,0.0,0.629679963116053,-0.7768546479555659,0.27000001072883606,0.0,0.0,0.0,0.0,0.14300000667572021
1732437241.307063103,3.6715633869171143,-0.39992278814315796,30.058944702148438,-0.0,0.0,0.6276188866102597,-0.7785207339371881,0.27000001072883606,0.0,0.0,0.0,0.0,0.10599999874830246
1732437241.357071638,3.673865556716919,-0.4105254113674164,30.059293746948242,-0.0,0.0,0.6274830077460596,-0.7786302556348286,0.21699999272823334,0.0,0.0,0.0,0.0,0.007000000216066837
1732437241.407077312,3.676225185394287,-0.42137420177459717,30.053842544555664,-0.0,0.0,0.6296029099212337,-0.7769170971337386,0.22200000286102295,0.0,0.0,0.0,0.0,-0.10899999737739563
1732437241.457116842,3.6783607006073,-0.4314570724964142,30.047039031982422,-0.0,0.0,0.6322421445815067,-0.7747708503906023,0.20600000023841858,0.0,0.0,0.0,0.0,-0.13600000739097595
1732437241.507074594,3.680384874343872,-0.44134581089019775,30.047189712524414,-0.0,0.0,0.6321837713413809,-0.7748184814862049,0.20200000703334808,0.0,0.0,0.0,0.0,0.003000000026077032
1732437241.557113171,3.682201862335205,-0.45021578669548035,30.042688369750977,-0.0,0.0,0.6339260304856743,-0.7733936823330508,0.1809999942779541,0.0,0.0,0.0,0.0,-0.09000000357627869
1732437241.607103348,3.6842918395996094,-0.4606565535068512,30.04703712463379,-0.0,0.0,0.6322428834602803,-0.774770247437155,0.21299999952316284,0.0,0.0,0.0,0.0,0.08699999749660492
1732437241.657108068,3.6860764026641846,-0.46937453746795654,30.052886962890625,-0.0,0.0,0.6299740419095895,-0.7766161899677954,0.17800000309944153,0.0,0.0,0.0,0.0,0.11699999868869781
1732437241.707033634,3.6874260902404785,-0.47577765583992004,30.057981491088867,-0.0,0.0,0.6279937537001016,-0.7782183789359232,0.13099999725818634,0.0,0.0,0.0,0.0,0.10199999809265137
1732437241.757114887,3.6888110637664795,-0.48218634724617004,30.058881759643555,-0.0,0.0,0.6276433873219949,-0.778500981599235,0.13099999725818634,0.0,0.0,0.0,0.0,0.017999999225139618
1732437241.807125568,3.689988851547241,-0.4876125752925873,30.060583114624023,-0.0,0.0,0.6269809070429536,-0.7790346219543745,0.11100000143051147,0.0,0.0,0.0,0.0,0.03400000184774399
1732437241.857070208,3.6910884380340576,-0.49263742566108704,30.063030242919922,-0.0,0.0,0.6260272391179684,-0.7798011899723762,0.10300000011920929,0.0,0.0,0.0,0.0,0.04899999871850014
1732437241.907046795,3.692579984664917,-0.49937406182289124,30.0643310546875,-0.0,0.0,0.6255199194581212,-0.7802081968046128,0.1379999965429306,0.0,0.0,0.0,0.0,0.026000000536441803
1732437241.957141876,3.6936793327331543,-0.5043090581893921,30.069988250732422,-0.0,0.0,0.6233105246580363,-0.7819744176445439,0.10100000351667404,0.0,0.0,0.0,0.0,0.11299999803304672
1732437242.007073879,3.6953952312469482,-0.5118110775947571,30.076583862304688,-0.0,0.0,0.6207283401623144,-0.7840257187869146,0.15399999916553497,0.0,0.0,0.0,0.0,0.13199999928474426
1732437242.057065010,3.697298049926758,-0.5198851823806763,30.089826583862305,-0.0,0.0,0.6155234538854572,-0.7881185683112139,0.16599999368190765,0.0,0.0,0.0,0.0,0.26499998569488525
1732437242.107039928,3.6996352672576904,-0.5292454361915588,30.100574493408203,-0.0,0.0,0.6112792727796277,-0.7914149674285984,0.19300000369548798,0.0,0.0,0.0,0.0,0.2150000035762787
1732437242.157117128,3.702139377593994,-0.5388345718383789,30.10948371887207,-0.0,0.0,0.6077477722761514,-0.7941301186161971,0.1979999989271164,0.0,0.0,0.0,0.0,0.17800000309944153
1732437242.207059860,3.7037582397460938,-0.5448150038719177,30.097393035888672,-0.0,0.0,0.61253742540242,-0.7904415870141037,0.12399999797344208,0.0,0.0,0.0,0.0,-0.24199999868869781
1732437242.257142782,3.7060070037841797,-0.553539514541626,30.097944259643555,-0.0,0.0,0.612319547050618,-0.7906103795800596,0.18000000715255737,0.0,0.0,0.0,0.0,0.010999999940395355
1732437242.307060957,3.7069315910339355,-0.5571185946464539,30.09020233154297,-0.0,0.0,0.6153753761613263,-0.7882341951566845,0.07400000095367432,0.0,0.0,0.0,0.0,-0.1550000011920929
1732437242.357084274,3.707465171813965,-0.5592523217201233,30.087203979492188,-0.0,0.0,0.6165563859896498,-0.7873107537023624,0.04399999976158142,0.0,0.0,0.0,0.0,-0.05999999865889549
1732437242.407040834,3.70784854888916,-0.5608053803443909,30.088903427124023,-0.0,0.0,0.6158871667859427,-0.7878343720531521,0.03200000151991844,0.0,0.0,0.0,0.0,0.03400000184774399
1732437242.457083464,3.7087903022766113,-0.5645914077758789,30.085702896118164,-0.0,0.0,0.6171471218184069,-0.7868477807246179,0.07800000160932541,0.0,0.0,0.0,0.0,-0.06400000303983688
1732437242.507074833,3.7097668647766113,-0.5685725808143616,30.080053329467773,-0.0,0.0,0.6193673311224387,-0.7851013368593046,0.0820000022649765,0.0,0.0,0.0,0.0,-0.11299999803304672
1732437242.557080507,3.711059093475342,-0.5739713907241821,30.087404251098633,-0.0,0.0,0.616477544903913,-0.7873724891239494,0.11100000143051147,0.0,0.0,0.0,0.0,0.1469999998807907
1732437242.607045174,3.7121262550354004,-0.5782896876335144,30.09210205078125,-0.0,0.0,0.6146263868354505,-0.7888183597036768,0.08900000154972076,0.0,0.0,0.0,0.0,0.09399999678134918
1732437242.657085180,3.7140464782714844,-0.5859063863754272,30.093603134155273,-0.0,0.0,0.614034172715142,-0.789279440209886,0.15700000524520874,0.0,0.0,0.0,0.0,0.029999999329447746
1732437242.707069635,3.7159643173217773,-0.5934650897979736,30.1009521484375,-0.0,0.0,0.6111298209613257,-0.7915303796644687,0.15600000321865082,0.0,0.0,0.0,0.0,0.1469999998807907
1732437242.757097483,3.7183427810668945,-0.6025587320327759,30.10660171508789,-0.0,0.0,0.6088914838937086,-0.7932535287294458,0.18799999356269836,0.0,0.0,0.0,0.0,0.11299999803304672
1732437242.807089329,3.7207484245300293,-0.6115487217903137,30.11415672302246,-0.0,0.0,0.6058906283739762,-0.7955479535820503,0.1860000044107437,0.0,0.0,0.0,0.0,0.1509999930858612
1732437242.857076645,3.72363018989563,-0.6220011115074158,30.12055206298828,-0.0,0.0,0.6033436352566391,-0.7974813212830151,0.21699999272823334,0.0,0.0,0.0,0.0,0.12800000607967377
1732437242.907088757,3.726935625076294,-0.6336972117424011,30.12850570678711,-0.0,0.0,0.6001674314658085,-0.79987439902008,0.24300000071525574,0.0,0.0,0.0,0.0,0.1589999943971634
1732437242.957079887,3.730527639389038,-0.6460319757461548,30.135303497314453,-0.0,0.0,0.5974452806835568,-0.8019096810669802,0.25699999928474426,0.0,0.0,0.0,0.0,0.13600000739097595
1732437243.007091284,3.7344627380371094,-0.6592106223106384,30.144556045532227,-0.0,0.0,0.5937290465480024,-0.8046650354558722,0.2750000059604645,0.0,0.0,0.0,0.0,0.1850000023841858
1732437243.057064295,3.73909068107605,-0.6742018461227417,30.15399932861328,-0.0,0.0,0.5899231025520301,-0.8074594312257347,0.3140000104904175,0.0,0.0,0.0,0.0,0.1889999955892563
1732437243.107068539,3.7439382076263428,-0.6893938183784485,30.16569709777832,-0.0,0.0,0.5851903020167897,-0.8108959923599934,0.3190000057220459,0.0,0.0,0.0,0.0,0.23399999737739563
1732437243.157093287,3.7495980262756348,-0.706440806388855,30.177804946899414,-0.0,0.0,0.5802705052586891,-0.8144238090373007,0.35899999737739563,0.0,0.0,0.0,0.0,0.24199999868869781
1732437243.207069397,3.7558202743530273,-0.7244490385055542,30.18990707397461,-0.0,0.0,0.5753317817406439,-0.8179201311369809,0.38100001215934753,0.0,0.0,0.0,0.0,0.24199999868869781
1732437243.257078409,3.7626473903656006,-0.7434598207473755,30.203706741333008,-0.0,0.0,0.569674618593458,-0.8218703236705887,0.40400001406669617,0.0,0.0,0.0,0.0,0.2759999930858612
1732437243.307138920,3.7699170112609863,-0.7628567814826965,30.218467712402344,-0.0,0.0,0.5635933561629708,-0.8260523766014832,0.414000004529953,0.0,0.0,0.0,0.0,0.29499998688697815
1732437243.357079744,3.7775321006774902,-0.7822974324226379,30.232454299926758,-0.0,0.0,0.5578027947807853,-0.8299735189358424,0.4180000126361847,0.0,0.0,0.0,0.0,0.2800000011920929
1732437243.407052279,3.78574275970459,-0.80242520570755,30.24209976196289,-0.0,0.0,0.5537935843822895,-0.8326539892998868,0.4350000023841858,0.0,0.0,0.0,0.0,0.19300000369548798
1732437243.457103014,3.7952654361724854,-0.8251398801803589,30.25726890563965,-0.0,0.0,0.5474623923189562,-0.8368302868541538,0.492000013589859,0.0,0.0,0.0,0.0,0.30300000309944153
1732437243.507088423,3.803992748260498,-0.8451029062271118,30.27276039123535,-0.0,0.0,0.5409641621260911,-0.8410456440022838,0.4359999895095825,0.0,0.0,0.0,0.0,0.3100000023841858
1732437243.557055235,3.8131744861602783,-0.8652492761611938,30.286354064941406,-0.0,0.0,0.5352352607013391,-0.8447030340314693,0.4429999887943268,0.0,0.0,0.0,0.0,0.2720000147819519
1732437243.607028484,3.8219287395477295,-0.8837854862213135,30.304153442382812,-0.0,0.0,0.527696569504648,-0.8494329464607705,0.4099999964237213,0.0,0.0,0.0,0.0,0.35600000619888306
1732437243.657083511,3.829972743988037,-0.9000611901283264,30.326509475708008,-0.0,0.0,0.5181688246167792,-0.8552783577264571,0.3630000054836273,0.0,0.0,0.0,0.0,0.44699999690055847
1732437243.707053900,3.8366873264312744,-0.9129152894020081,30.34996223449707,-0.0,0.0,0.5081041101921279,-0.861295659576818,0.28999999165534973,0.0,0.0,0.0,0.0,0.4690000116825104
1732437243.757082939,3.845518112182617,-0.9288957715034485,30.373823165893555,-0.0,0.0,0.49779253530641093,-0.8672961384632216,0.36500000953674316,0.0,0.0,0.0,0.0,0.47699999809265137
1732437243.807038307,3.8550186157226562,-0.9451593160629272,30.39405632019043,-0.0,0.0,0.4889931435697938,-0.8722876277591761,0.37700000405311584,0.0,0.0,0.0,0.0,0.4050000011920929
1732437243.857073307,3.8654062747955322,-0.9621427655220032,30.406911849975586,-0.0,0.0,0.48337622076369136,-0.8754127193502566,0.39800000190734863,0.0,0.0,0.0,0.0,0.25699999928474426
1732437243.907044411,3.874058723449707,-0.9758892059326172,30.41180992126465,-0.0,0.0,0.4812308563631241,-0.8765938984980526,0.32499998807907104,0.0,0.0,0.0,0.0,0.09799999743700027
1732437243.957087994,3.884157657623291,-0.991760790348053,30.422767639160156,-0.0,0.0,0.4764209233160719,-0.8792173245714973,0.37599998712539673,0.0,0.0,0.0,0.0,0.21899999678134918
1732437244.007085323,3.894444465637207,-1.0075428485870361,30.434659957885742,-0.0,0.0,0.47118456545946114,-0.8820346394970998,0.37700000405311584,0.0,0.0,0.0,0.0,0.23800000548362732
1732437244.057060957,3.9039828777313232,-1.0218032598495483,30.44676399230957,-0.0,0.0,0.4658378802343977,-0.8848700861362209,0.34299999475479126,0.0,0.0,0.0,0.0,0.24199999868869781
1732437244.107059717,3.9131808280944824,-1.035200834274292,30.457365036010742,-0.0,0.0,0.46114108500430395,-0.8873268280183201,0.32499998807907104,0.0,0.0,0.0,0.0,0.21199999749660492
1732437244.157048225,3.9226012229919434,-1.0486154556274414,30.467559814453125,-0.0,0.0,0.4566120633944877,-0.8896659055862647,0.328000009059906,0.0,0.0,0.0,0.0,0.20399999618530273
1732437244.207080126,3.9318203926086426,-1.0614629983901978,30.47926902770996,-0.0,0.0,0.4513956237513254,-0.8923239270904664,0.3160000145435333,0.0,0.0,0.0,0.0,0.23399999737739563
1732437244.257083178,3.9410297870635986,-1.0739848613739014,30.488515853881836,-0.0,0.0,0.44726523183171957,-0.89440137097084,0.3109999895095825,0.0,0.0,0.0,0.0,0.1850000023841858
1732437244.307030439,3.9500832557678223,-1.0860590934753418,30.498510360717773,-0.0,0.0,0.4427901154630386,-0.8966252916621463,0.3019999861717224,0.0,0.0,0.0,0.0,0.20000000298023224
1732437244.357115030,3.9591825008392334,-1.0979448556900024,30.50606918334961,-0.0,0.0,0.4393982453648137,-0.8982923699833607,0.29899999499320984,0.0,0.0,0.0,0.0,0.1509999930858612
